scenario,arm,seed,profile,burned_ha,forest_ha,pop_affected,evacuated,out_min,success,t2h_j_burn,t2h_j_asset,t2h_j_pop,t2h_j_resp,t2h_j_delay,t2h_j_total,t2h_j_phys,t6h_j_burn,t6h_j_asset,t6h_j_pop,t6h_j_resp,t6h_j_delay,t6h_j_total,t6h_j_phys,end_j_burn,end_j_asset,end_j_pop,end_j_resp,end_j_delay,end_j_total,end_j_phys,wall_s
S1,Greedy,101,greedy,14.58,5.94,0.0,0.0,498.0,1,0.08101,0.0,0.0,0.10538,0.39629,0.05334,0.027,0.09566,0.0,0.0,0.33804,0.38457,0.07064,0.03189,0.09566,0.0,0.0,0.42198,0.39128,0.07597,0.03189,1.4
S1,Greedy,102,greedy,23.85,3.51,0.0,0.0,332.0,1,0.14355,0.0,0.0,0.14775,0.41571,0.07537,0.04785,,,,,,,,0.15087,0.0,0.0,0.3356,0.51216,0.09424,0.05029,1.0
S1,Greedy,103,greedy,0.27,0.27,0.0,0.0,24.0,1,,,,,,,,,,,,,,,0.00197,0.0,0.0,0.00177,0.40032,0.02423,0.00066,0.1
S1,Greedy,104,greedy,66.15,25.38,152232.0,0.0,-1,0,0.25746,0.06413,0.00049,0.20129,0.32031,0.12541,0.10736,0.31625,0.08387,0.00054,0.53533,0.34748,0.16977,0.13355,0.32974,0.08387,0.00054,1.0,0.40889,0.20469,0.13805,2.1
S1,Greedy,105,greedy,6.75,1.71,0.0,0.0,152.0,1,0.04805,0.0,0.0,0.05099,0.37546,0.03922,0.01602,,,,,,,,0.04805,0.0,0.0,0.06278,0.37155,0.03968,0.01602,0.4
S1,Greedy,106,greedy,2.52,1.8,0.0,0.0,182.0,1,0.01645,0.0,0.0,0.05652,0.50079,0.03762,0.00548,,,,,,,,0.01769,0.0,0.0,0.08677,0.49285,0.0393,0.0059,0.5
S1,Greedy,107,greedy,0.99,0.9,0.0,0.0,74.0,1,,,,,,,,,,,,,,,0.00732,0.0,0.0,0.01881,0.56379,0.03642,0.00244,0.2
S1,Greedy,108,greedy,8.91,5.13,0.0,0.0,272.0,1,0.0498,0.0,0.0,0.0921,0.41948,0.04474,0.0166,,,,,,,,0.0609,0.0,0.0,0.19766,0.36341,0.05092,0.0203,0.7
S1,Greedy,109,greedy,4.68,1.98,0.0,0.0,140.0,1,0.03366,0.0,0.0,0.05145,0.41102,0.0371,0.01122,,,,,,,,0.03366,0.0,0.0,0.06291,0.36741,0.03521,0.01122,0.4
S1,Greedy,110,greedy,1.26,1.17,0.0,0.0,62.0,1,,,,,,,,,,,,,,,0.00899,0.0,0.0,0.0251,0.39246,0.02721,0.003,0.2
S2,Greedy,101,greedy,187.74,99.36,1169070.0,0.0,-1,0,0.30465,0.0,0.0,0.2687,0.30689,0.12346,0.10155,0.5757,0.37419,0.00487,0.86818,0.15535,0.34102,0.31825,0.57664,0.37419,0.0049,1.0,0.23997,0.35404,0.31858,2.4
S2,Greedy,102,greedy,40.77,10.89,0.0,0.0,-1,0,0.19313,0.0,0.0,0.25213,0.42599,0.09669,0.06438,0.2266,0.0,0.0,0.74874,0.48127,0.139,0.07553,0.23296,0.0,0.0,1.0,0.33391,0.14698,0.07765,2.3
S2,Greedy,103,greedy,124.2,44.55,138067.0,0.0,-1,0,0.42642,0.15451,0.00057,0.25667,0.32991,0.20553,0.19383,0.46004,0.19314,0.00077,0.85618,0.31704,0.26135,0.21798,0.47586,0.19314,0.00083,1.0,0.35751,0.27686,0.22328,2.3
S2,Greedy,104,greedy,70.56,26.64,114174.0,0.0,-1,0,0.23188,0.03453,0.0,0.25481,0.32143,0.11225,0.0888,0.32974,0.06907,0.00049,0.84919,0.30983,0.18562,0.1331,0.34416,0.06907,0.00049,1.0,0.31438,0.199,0.13791,2.2
S2,Greedy,105,greedy,16.65,5.49,0.0,0.0,154.0,1,0.10911,0.0,0.0,0.16649,0.3249,0.061,0.03637,,,,,,,,0.11071,0.0,0.0,0.21064,0.30671,0.06299,0.0369,0.4
S2,Greedy,106,greedy,5.13,4.41,0.0,0.0,350.0,1,0.03055,0.0,0.0,0.14492,0.49023,0.04635,0.01018,,,,,,,,0.03536,0.0,0.0,0.33163,0.49252,0.05888,0.01179,0.9
S2,Greedy,107,greedy,171.0,52.47,576677.0,0.0,-1,0,0.53794,0.20424,0.00133,0.2564,0.16594,0.24352,0.24784,0.55753,0.24913,0.00258,0.83643,0.26653,0.30289,0.26975,0.56014,0.24913,0.00258,1.0,0.18467,0.30847,0.27062,2.6
S2,Greedy,108,greedy,233.46,108.18,1461720.0,0.0,-1,0,0.52849,0.15144,0.00178,0.26955,0.11147,0.22292,0.22724,0.56909,0.4,0.0066,0.86861,0.13193,0.34582,0.32523,0.62954,0.41971,0.00726,1.0,0.23434,0.38334,0.35217,2.8
S2,Greedy,109,greedy,256.68,111.42,2182506.0,0.0,-1,0,0.4559,0.10402,0.00124,0.26445,0.12777,0.18812,0.18705,0.62647,0.51753,0.00894,0.86334,0.13609,0.39789,0.38432,0.65639,0.63046,0.02011,1.0,0.14118,0.45153,0.43565,2.7
S2,Greedy,110,greedy,100.89,68.58,0.0,0.0,-1,0,0.15674,0.0,0.0,0.23927,0.38085,0.08258,0.05225,0.27681,0.0,0.0,0.83855,0.30321,0.14858,0.09227,0.42064,0.0,0.0,1.0,0.23661,0.19646,0.14021,2.1
S3,Greedy,101,greedy,4.86,1.53,0.0,0.0,122.0,1,0.03427,0.0,0.0,0.05859,0.2963,0.03096,0.01142,,,,,,,,0.03427,0.0,0.0,0.05943,0.32846,0.0329,0.01142,0.5
S3,Greedy,102,greedy,49.68,6.84,112447.0,0.0,368.0,1,0.25851,0.07155,0.00022,0.09624,0.18493,0.11368,0.1101,0.27753,0.07961,0.00023,0.25146,0.1939,0.1313,0.11912,0.27753,0.07961,0.00023,0.25568,0.22452,0.13335,0.11912,1.2
S3,Greedy,103,greedy,4.77,2.79,0.0,0.0,170.0,1,0.0328,0.0,0.0,0.03985,0.21981,0.02492,0.01093,,,,,,,,0.03538,0.0,0.0,0.05365,0.23493,0.02738,0.01179,0.5
S3,Greedy,104,greedy,12.24,1.53,0.0,0.0,222.0,1,0.07935,0.0,0.0,0.06112,0.25078,0.04168,0.02645,,,,,,,,0.08511,0.0,0.0,0.09146,0.2361,0.0443,0.02837,0.7
S3,Greedy,105,greedy,5.67,0.09,0.0,0.0,122.0,1,0.04001,0.0,0.0,0.04538,0.22043,0.0274,0.01334,,,,,,,,0.04001,0.0,0.0,0.04602,0.22778,0.02787,0.01334,0.4
S3,Greedy,106,greedy,6.84,1.98,0.0,0.0,216.0,1,0.047,0.0,0.0,0.04571,0.22106,0.02952,0.01567,,,,,,,,0.05153,0.0,0.0,0.08094,0.22978,0.03343,0.01718,0.5
S3,Greedy,107,greedy,1.89,1.71,0.0,0.0,116.0,1,,,,,,,,,,,,,,,0.01445,0.0,0.0,0.02675,0.17409,0.01606,0.00482,0.4
S3,Greedy,108,greedy,6.03,0.72,0.0,0.0,110.0,1,,,,,,,,,,,,,,,0.04737,0.0,0.0,0.02847,0.14829,0.02433,0.01579,0.3
S3,Greedy,109,greedy,20.16,0.27,133844.0,0.0,126.0,1,0.13793,0.04488,0.00028,0.06691,0.2202,0.07074,0.06103,,,,,,,,0.13793,0.04488,0.00028,0.06903,0.21673,0.07066,0.06103,0.4
S3,Greedy,110,greedy,1.26,1.17,0.0,0.0,92.0,1,,,,,,,,,,,,,,,0.0099,0.0,0.0,0.01999,0.22247,0.01717,0.0033,0.3
S4,Greedy,101,greedy,15.66,2.43,23278.0,0.0,190.0,1,0.10156,0.00468,3e-05,0.10682,0.26372,0.05306,0.03543,,,,,,,,0.10262,0.00468,3e-05,0.14459,0.35642,0.06104,0.03578,0.5
S4,Greedy,102,greedy,88.65,15.84,1121149.0,0.0,368.0,1,0.38903,0.15632,0.00264,0.23241,0.2345,0.18864,0.18266,0.40669,0.15954,0.00274,0.56305,0.20521,0.21253,0.18965,0.40669,0.15954,0.00274,0.56806,0.20922,0.21306,0.18965,1.1
S4,Greedy,103,greedy,6.21,2.52,0.0,0.0,136.0,1,0.04557,0.0,0.0,0.08446,0.22847,0.03181,0.01519,,,,,,,,0.04557,0.0,0.0,0.08989,0.29352,0.03596,0.01519,0.4
S4,Greedy,104,greedy,100.17,12.33,852866.0,0.0,272.0,1,0.41001,0.21629,0.00159,0.25219,0.32911,0.21887,0.2093,,,,,,,,0.43223,0.22753,0.00166,0.48828,0.20943,0.23558,0.22047,0.7
S4,Greedy,105,greedy,17.91,0.81,8089.0,0.0,170.0,1,0.11323,0.00453,1e-05,0.12027,0.24496,0.05612,0.03926,,,,,,,,0.11634,0.00453,1e-05,0.16016,0.17757,0.05542,0.04029,0.5
S4,Greedy,106,greedy,69.21,11.34,833540.0,0.0,614.0,1,0.31388,0.16169,0.00201,0.19,0.19395,0.16305,0.15919,0.35261,0.16169,0.00202,0.60655,0.1533,0.19656,0.17211,0.3547,0.16169,0.00202,0.81106,0.14747,0.20886,0.1728,1.7
S4,Greedy,107,greedy,15.48,1.62,21523.0,0.0,180.0,1,0.1072,0.03811,4e-05,0.07619,0.18268,0.05798,0.04845,,,,,,,,0.1072,0.03811,4e-05,0.09794,0.19391,0.05992,0.04845,0.4
S4,Greedy,108,greedy,16.38,1.08,134240.0,0.0,176.0,1,0.10909,0.026,0.0002,0.07504,0.19292,0.05555,0.0451,,,,,,,,0.11899,0.026,0.00021,0.10546,0.12077,0.05601,0.0484,0.4
S4,Greedy,109,greedy,57.06,1.71,1347285.0,0.0,182.0,1,0.30864,0.20169,0.00292,0.19603,0.20215,0.17438,0.17108,,,,,,,,0.3117,0.20169,0.00293,0.23049,0.18745,0.17644,0.17211,0.5
S4,Greedy,110,greedy,38.88,8.46,676100.0,0.0,-1,0,0.18552,0.08787,0.00103,0.12754,0.13304,0.09604,0.09147,0.21121,0.09263,0.00107,0.32611,0.24185,0.12309,0.10164,0.23574,0.14133,0.00159,0.52509,0.21713,0.15503,0.12622,2.0
S5,Greedy,101,greedy,15.66,2.43,23278.0,0.0,190.0,1,0.10156,0.00468,3e-05,0.10682,0.26372,0.05306,0.03543,,,,,,,,0.10262,0.00468,3e-05,0.14459,0.35642,0.06104,0.03578,0.5
S5,Greedy,102,greedy,88.65,15.84,1121149.0,0.0,368.0,1,0.38903,0.15632,0.00264,0.23241,0.2345,0.18864,0.18266,0.40669,0.15954,0.00274,0.56305,0.20521,0.21253,0.18965,0.40669,0.15954,0.00274,0.56806,0.20922,0.21306,0.18965,1.2
S5,Greedy,103,greedy,6.21,2.52,0.0,0.0,136.0,1,0.04557,0.0,0.0,0.08446,0.22847,0.03181,0.01519,,,,,,,,0.04557,0.0,0.0,0.08989,0.29352,0.03596,0.01519,0.4
S5,Greedy,104,greedy,100.17,12.33,852866.0,0.0,272.0,1,0.41001,0.21629,0.00159,0.25219,0.32911,0.21887,0.2093,,,,,,,,0.43223,0.22753,0.00166,0.48828,0.20943,0.23558,0.22047,0.7
S5,Greedy,105,greedy,17.91,0.81,8089.0,0.0,170.0,1,0.11323,0.00453,1e-05,0.12027,0.24496,0.05612,0.03926,,,,,,,,0.11634,0.00453,1e-05,0.16016,0.17757,0.05542,0.04029,0.5
S5,Greedy,106,greedy,69.21,11.34,833540.0,0.0,614.0,1,0.31388,0.16169,0.00201,0.19,0.19395,0.16305,0.15919,0.35261,0.16169,0.00202,0.60655,0.1533,0.19656,0.17211,0.3547,0.16169,0.00202,0.81106,0.14747,0.20886,0.1728,1.4
S5,Greedy,107,greedy,15.48,1.62,21523.0,0.0,180.0,1,0.1072,0.03811,4e-05,0.07619,0.18268,0.05798,0.04845,,,,,,,,0.1072,0.03811,4e-05,0.09794,0.19391,0.05992,0.04845,0.4
S5,Greedy,108,greedy,16.38,1.08,134240.0,0.0,176.0,1,0.10909,0.026,0.0002,0.07504,0.19292,0.05555,0.0451,,,,,,,,0.11899,0.026,0.00021,0.10546,0.12077,0.05601,0.0484,0.4
S5,Greedy,109,greedy,57.06,1.71,1347285.0,0.0,182.0,1,0.30864,0.20169,0.00292,0.19603,0.20215,0.17438,0.17108,,,,,,,,0.3117,0.20169,0.00293,0.23049,0.18745,0.17644,0.17211,0.5
S5,Greedy,110,greedy,38.88,8.46,676100.0,0.0,-1,0,0.18552,0.08787,0.00103,0.12754,0.13304,0.09604,0.09147,0.21121,0.09263,0.00107,0.32611,0.24185,0.12309,0.10164,0.23574,0.14133,0.00159,0.52509,0.21713,0.15503,0.12622,2.0
