scenario,arm,seed,t_min,burned_cells,j_phys
S1,Greedy,101,2.0,7,0.00152
S1,Greedy,101,14.0,83,0.01714
S1,Greedy,101,26.0,99,0.02024
S1,Greedy,101,38.0,104,0.0212
S1,Greedy,101,50.0,105,0.02139
S1,Greedy,101,62.0,108,0.02196
S1,Greedy,101,74.0,120,0.02422
S1,Greedy,101,86.0,127,0.02553
S1,Greedy,101,98.0,128,0.02571
S1,Greedy,101,110.0,132,0.02645
S1,Greedy,101,122.0,139,0.02774
S1,Greedy,101,134.0,142,0.02828
S1,Greedy,101,146.0,143,0.02847
S1,Greedy,101,158.0,144,0.02865
S1,Greedy,101,170.0,148,0.02937
S1,Greedy,101,182.0,152,0.0301
S1,Greedy,101,194.0,152,0.0301
S1,Greedy,101,206.0,153,0.03028
S1,Greedy,101,218.0,157,0.03099
S1,Greedy,101,230.0,160,0.03153
S1,Greedy,101,242.0,160,0.03153
S1,Greedy,101,254.0,162,0.03189
S1,Greedy,101,266.0,162,0.03189
S1,Greedy,101,278.0,162,0.03189
S1,Greedy,101,290.0,162,0.03189
S1,Greedy,101,302.0,162,0.03189
S1,Greedy,101,314.0,162,0.03189
S1,Greedy,101,326.0,162,0.03189
S1,Greedy,101,338.0,162,0.03189
S1,Greedy,101,350.0,162,0.03189
S1,Greedy,101,362.0,162,0.03189
S1,Greedy,101,374.0,162,0.03189
S1,Greedy,101,386.0,162,0.03189
S1,Greedy,101,398.0,162,0.03189
S1,Greedy,101,410.0,162,0.03189
S1,Greedy,101,422.0,162,0.03189
S1,Greedy,101,434.0,162,0.03189
S1,Greedy,101,446.0,162,0.03189
S1,Greedy,101,458.0,162,0.03189
S1,Greedy,101,470.0,162,0.03189
S1,Greedy,101,482.0,162,0.03189
S1,Greedy,101,494.0,162,0.03189
S1,Greedy,102,2.0,6,0.00134
S1,Greedy,102,14.0,144,0.02935
S1,Greedy,102,26.0,216,0.04217
S1,Greedy,102,38.0,226,0.04386
S1,Greedy,102,50.0,233,0.04504
S1,Greedy,102,62.0,236,0.04554
S1,Greedy,102,74.0,240,0.0462
S1,Greedy,102,86.0,243,0.0467
S1,Greedy,102,98.0,248,0.04752
S1,Greedy,102,110.0,250,0.04785
S1,Greedy,102,122.0,254,0.04851
S1,Greedy,102,134.0,256,0.04883
S1,Greedy,102,146.0,256,0.04883
S1,Greedy,102,158.0,257,0.04899
S1,Greedy,102,170.0,258,0.04916
S1,Greedy,102,182.0,260,0.04948
S1,Greedy,102,194.0,264,0.05013
S1,Greedy,102,206.0,264,0.05013
S1,Greedy,102,218.0,264,0.05013
S1,Greedy,102,230.0,264,0.05013
S1,Greedy,102,242.0,265,0.05029
S1,Greedy,102,254.0,265,0.05029
S1,Greedy,102,266.0,265,0.05029
S1,Greedy,102,278.0,265,0.05029
S1,Greedy,102,290.0,265,0.05029
S1,Greedy,102,302.0,265,0.05029
S1,Greedy,102,314.0,265,0.05029
S1,Greedy,102,326.0,265,0.05029
S1,Greedy,103,2.0,3,0.00066
S1,Greedy,103,14.0,3,0.00066
S1,Greedy,104,2.0,5,0.00111
S1,Greedy,104,14.0,102,0.0213
S1,Greedy,104,26.0,248,0.04746
S1,Greedy,104,38.0,312,0.05759
S1,Greedy,104,50.0,337,0.06135
S1,Greedy,104,62.0,413,0.07548
S1,Greedy,104,74.0,467,0.09259
S1,Greedy,104,86.0,473,0.09341
S1,Greedy,104,98.0,484,0.10141
S1,Greedy,104,110.0,508,0.10611
S1,Greedy,104,122.0,520,0.10761
S1,Greedy,104,134.0,521,0.10773
S1,Greedy,104,146.0,526,0.10834
S1,Greedy,104,158.0,537,0.10968
S1,Greedy,104,170.0,545,0.11228
S1,Greedy,104,182.0,552,0.11312
S1,Greedy,104,194.0,554,0.11335
S1,Greedy,104,206.0,557,0.11371
S1,Greedy,104,218.0,562,0.1143
S1,Greedy,104,230.0,573,0.11559
S1,Greedy,104,242.0,575,0.11582
S1,Greedy,104,254.0,576,0.11594
S1,Greedy,104,266.0,577,0.1177
S1,Greedy,104,278.0,587,0.11886
S1,Greedy,104,290.0,595,0.11977
S1,Greedy,104,302.0,617,0.12226
S1,Greedy,104,314.0,641,0.1282
S1,Greedy,104,326.0,678,0.13218
S1,Greedy,104,338.0,686,0.13303
S1,Greedy,104,350.0,689,0.13334
S1,Greedy,104,362.0,691,0.13355
S1,Greedy,104,374.0,691,0.13355
S1,Greedy,104,386.0,691,0.13355
S1,Greedy,104,398.0,704,0.1349
S1,Greedy,104,410.0,712,0.13572
S1,Greedy,104,422.0,716,0.13613
S1,Greedy,104,434.0,716,0.13613
S1,Greedy,104,446.0,720,0.13654
S1,Greedy,104,458.0,722,0.13674
S1,Greedy,104,470.0,723,0.13684
S1,Greedy,104,482.0,726,0.13714
S1,Greedy,104,494.0,728,0.13735
S1,Greedy,104,506.0,730,0.13755
S1,Greedy,104,518.0,732,0.13775
S1,Greedy,104,530.0,732,0.13775
S1,Greedy,104,542.0,734,0.13795
S1,Greedy,104,554.0,734,0.13795
S1,Greedy,104,566.0,735,0.13805
S1,Greedy,104,578.0,735,0.13805
S1,Greedy,104,590.0,735,0.13805
S1,Greedy,104,602.0,735,0.13805
S1,Greedy,104,614.0,735,0.13805
S1,Greedy,104,626.0,735,0.13805
S1,Greedy,104,638.0,735,0.13805
S1,Greedy,104,650.0,735,0.13805
S1,Greedy,104,662.0,735,0.13805
S1,Greedy,104,674.0,735,0.13805
S1,Greedy,104,686.0,735,0.13805
S1,Greedy,104,698.0,735,0.13805
S1,Greedy,104,710.0,735,0.13805
S1,Greedy,105,2.0,3,0.00067
S1,Greedy,105,14.0,27,0.00595
S1,Greedy,105,26.0,54,0.01169
S1,Greedy,105,38.0,71,0.0152
S1,Greedy,105,50.0,71,0.0152
S1,Greedy,105,62.0,71,0.0152
S1,Greedy,105,74.0,74,0.01581
S1,Greedy,105,86.0,74,0.01581
S1,Greedy,105,98.0,74,0.01581
S1,Greedy,105,110.0,75,0.01602
S1,Greedy,105,122.0,75,0.01602
S1,Greedy,105,134.0,75,0.01602
S1,Greedy,105,146.0,75,0.01602
S1,Greedy,106,2.0,4,0.00086
S1,Greedy,106,14.0,13,0.00276
S1,Greedy,106,26.0,13,0.00276
S1,Greedy,106,38.0,13,0.00276
S1,Greedy,106,50.0,14,0.00297
S1,Greedy,106,62.0,17,0.0036
S1,Greedy,106,74.0,19,0.00402
S1,Greedy,106,86.0,19,0.00402
S1,Greedy,106,98.0,21,0.00444
S1,Greedy,106,110.0,25,0.00527
S1,Greedy,106,122.0,26,0.00548
S1,Greedy,106,134.0,26,0.00548
S1,Greedy,106,146.0,26,0.00548
S1,Greedy,106,158.0,27,0.00569
S1,Greedy,106,170.0,28,0.0059
S1,Greedy,106,182.0,28,0.0059
S1,Greedy,107,2.0,4,0.00089
S1,Greedy,107,14.0,8,0.00178
S1,Greedy,107,26.0,10,0.00222
S1,Greedy,107,38.0,11,0.00244
S1,Greedy,107,50.0,11,0.00244
S1,Greedy,107,62.0,11,0.00244
S1,Greedy,107,74.0,11,0.00244
S1,Greedy,108,2.0,4,0.00087
S1,Greedy,108,14.0,35,0.00747
S1,Greedy,108,26.0,53,0.01118
S1,Greedy,108,38.0,54,0.01139
S1,Greedy,108,50.0,55,0.01159
S1,Greedy,108,62.0,63,0.01321
S1,Greedy,108,74.0,68,0.01422
S1,Greedy,108,86.0,75,0.01561
S1,Greedy,108,98.0,77,0.01601
S1,Greedy,108,110.0,79,0.0164
S1,Greedy,108,122.0,84,0.01739
S1,Greedy,108,134.0,88,0.01817
S1,Greedy,108,146.0,89,0.01836
S1,Greedy,108,158.0,89,0.01836
S1,Greedy,108,170.0,89,0.01836
S1,Greedy,108,182.0,93,0.01914
S1,Greedy,108,194.0,94,0.01934
S1,Greedy,108,206.0,94,0.01934
S1,Greedy,108,218.0,94,0.01934
S1,Greedy,108,230.0,99,0.0203
S1,Greedy,108,242.0,99,0.0203
S1,Greedy,108,254.0,99,0.0203
S1,Greedy,108,266.0,99,0.0203
S1,Greedy,109,2.0,4,0.00089
S1,Greedy,109,14.0,14,0.0031
S1,Greedy,109,26.0,18,0.00397
S1,Greedy,109,38.0,43,0.00933
S1,Greedy,109,50.0,45,0.00975
S1,Greedy,109,62.0,47,0.01017
S1,Greedy,109,74.0,49,0.01059
S1,Greedy,109,86.0,49,0.01059
S1,Greedy,109,98.0,51,0.01101
S1,Greedy,109,110.0,52,0.01122
S1,Greedy,109,122.0,52,0.01122
S1,Greedy,109,134.0,52,0.01122
S1,Greedy,110,2.0,4,0.00086
S1,Greedy,110,14.0,8,0.00172
S1,Greedy,110,26.0,14,0.003
S1,Greedy,110,38.0,14,0.003
S1,Greedy,110,50.0,14,0.003
S1,Greedy,110,62.0,14,0.003
S2,Greedy,101,2.0,13,0.00281
S2,Greedy,101,14.0,176,0.03436
S2,Greedy,101,26.0,197,0.03799
S2,Greedy,101,38.0,207,0.03969
S2,Greedy,101,50.0,254,0.04742
S2,Greedy,101,62.0,366,0.0643
S2,Greedy,101,74.0,427,0.07267
S2,Greedy,101,86.0,483,0.07992
S2,Greedy,101,98.0,537,0.08654
S2,Greedy,101,110.0,618,0.09584
S2,Greedy,101,122.0,697,0.10426
S2,Greedy,101,134.0,826,0.11679
S2,Greedy,101,146.0,897,0.12474
S2,Greedy,101,158.0,924,0.12705
S2,Greedy,101,170.0,957,0.12981
S2,Greedy,101,182.0,1065,0.15616
S2,Greedy,101,194.0,1315,0.23557
S2,Greedy,101,206.0,1477,0.25381
S2,Greedy,101,218.0,1642,0.28532
S2,Greedy,101,230.0,1762,0.29632
S2,Greedy,101,242.0,1837,0.30151
S2,Greedy,101,254.0,1890,0.30716
S2,Greedy,101,266.0,1938,0.31088
S2,Greedy,101,278.0,2004,0.31527
S2,Greedy,101,290.0,2050,0.31712
S2,Greedy,101,302.0,2059,0.3175
S2,Greedy,101,314.0,2062,0.31762
S2,Greedy,101,326.0,2072,0.31802
S2,Greedy,101,338.0,2074,0.3181
S2,Greedy,101,350.0,2077,0.31822
S2,Greedy,101,362.0,2078,0.31825
S2,Greedy,101,374.0,2081,0.31837
S2,Greedy,101,386.0,2082,0.31841
S2,Greedy,101,398.0,2085,0.31853
S2,Greedy,101,410.0,2085,0.31853
S2,Greedy,101,422.0,2085,0.31853
S2,Greedy,101,434.0,2085,0.31853
S2,Greedy,101,446.0,2085,0.31853
S2,Greedy,101,458.0,2086,0.31857
S2,Greedy,101,470.0,2086,0.31857
S2,Greedy,101,482.0,2086,0.31857
S2,Greedy,101,494.0,2086,0.31857
S2,Greedy,101,506.0,2086,0.31857
S2,Greedy,101,518.0,2086,0.31857
S2,Greedy,101,530.0,2086,0.31857
S2,Greedy,101,542.0,2086,0.31857
S2,Greedy,101,554.0,2086,0.31857
S2,Greedy,101,566.0,2086,0.31857
S2,Greedy,101,578.0,2086,0.31857
S2,Greedy,101,590.0,2086,0.31857
S2,Greedy,101,602.0,2086,0.31857
S2,Greedy,101,614.0,2086,0.31857
S2,Greedy,101,626.0,2086,0.31858
S2,Greedy,101,638.0,2086,0.31858
S2,Greedy,101,650.0,2086,0.31858
S2,Greedy,101,662.0,2086,0.31858
S2,Greedy,101,674.0,2086,0.31858
S2,Greedy,101,686.0,2086,0.31858
S2,Greedy,101,698.0,2086,0.31858
S2,Greedy,101,710.0,2086,0.31858
S2,Greedy,102,2.0,10,0.00222
S2,Greedy,102,14.0,151,0.03064
S2,Greedy,102,26.0,237,0.0457
S2,Greedy,102,38.0,280,0.05269
S2,Greedy,102,50.0,302,0.05613
S2,Greedy,102,62.0,314,0.05797
S2,Greedy,102,74.0,331,0.06054
S2,Greedy,102,86.0,342,0.06218
S2,Greedy,102,98.0,350,0.06335
S2,Greedy,102,110.0,357,0.06438
S2,Greedy,102,122.0,370,0.06625
S2,Greedy,102,134.0,378,0.0674
S2,Greedy,102,146.0,380,0.06768
S2,Greedy,102,158.0,382,0.06797
S2,Greedy,102,170.0,392,0.06937
S2,Greedy,102,182.0,402,0.07077
S2,Greedy,102,194.0,405,0.07118
S2,Greedy,102,206.0,409,0.07174
S2,Greedy,102,218.0,412,0.07215
S2,Greedy,102,230.0,415,0.07256
S2,Greedy,102,242.0,417,0.07283
S2,Greedy,102,254.0,417,0.07283
S2,Greedy,102,266.0,421,0.07338
S2,Greedy,102,278.0,422,0.07351
S2,Greedy,102,290.0,429,0.07446
S2,Greedy,102,302.0,430,0.07459
S2,Greedy,102,314.0,431,0.07473
S2,Greedy,102,326.0,433,0.075
S2,Greedy,102,338.0,433,0.075
S2,Greedy,102,350.0,434,0.07513
S2,Greedy,102,362.0,438,0.07567
S2,Greedy,102,374.0,449,0.07713
S2,Greedy,102,386.0,451,0.07739
S2,Greedy,102,398.0,451,0.07739
S2,Greedy,102,410.0,451,0.07739
S2,Greedy,102,422.0,451,0.07739
S2,Greedy,102,434.0,451,0.07739
S2,Greedy,102,446.0,451,0.07739
S2,Greedy,102,458.0,451,0.07739
S2,Greedy,102,470.0,451,0.07739
S2,Greedy,102,482.0,451,0.07739
S2,Greedy,102,494.0,452,0.07752
S2,Greedy,102,506.0,452,0.07752
S2,Greedy,102,518.0,452,0.07752
S2,Greedy,102,530.0,452,0.07752
S2,Greedy,102,542.0,452,0.07752
S2,Greedy,102,554.0,452,0.07752
S2,Greedy,102,566.0,452,0.07752
S2,Greedy,102,578.0,452,0.07752
S2,Greedy,102,590.0,453,0.07765
S2,Greedy,102,602.0,453,0.07765
S2,Greedy,102,614.0,453,0.07765
S2,Greedy,102,626.0,453,0.07765
S2,Greedy,102,638.0,453,0.07765
S2,Greedy,102,650.0,453,0.07765
S2,Greedy,102,662.0,453,0.07765
S2,Greedy,102,674.0,453,0.07765
S2,Greedy,102,686.0,453,0.07765
S2,Greedy,102,698.0,453,0.07765
S2,Greedy,102,710.0,453,0.07765
S2,Greedy,103,2.0,9,0.00196
S2,Greedy,103,14.0,98,0.02019
S2,Greedy,103,26.0,327,0.05901
S2,Greedy,103,38.0,470,0.07873
S2,Greedy,103,50.0,620,0.11009
S2,Greedy,103,62.0,665,0.12528
S2,Greedy,103,74.0,720,0.13097
S2,Greedy,103,86.0,865,0.1547
S2,Greedy,103,98.0,1061,0.18215
S2,Greedy,103,110.0,1107,0.19051
S2,Greedy,103,122.0,1141,0.19462
S2,Greedy,103,134.0,1186,0.19779
S2,Greedy,103,146.0,1217,0.19991
S2,Greedy,103,158.0,1234,0.20106
S2,Greedy,103,170.0,1239,0.20139
S2,Greedy,103,182.0,1244,0.20173
S2,Greedy,103,194.0,1249,0.20206
S2,Greedy,103,206.0,1262,0.20292
S2,Greedy,103,218.0,1271,0.20512
S2,Greedy,103,230.0,1276,0.20705
S2,Greedy,103,242.0,1281,0.20738
S2,Greedy,103,254.0,1284,0.2108
S2,Greedy,103,266.0,1291,0.21447
S2,Greedy,103,278.0,1292,0.21454
S2,Greedy,103,290.0,1292,0.21454
S2,Greedy,103,302.0,1292,0.21454
S2,Greedy,103,314.0,1292,0.21455
S2,Greedy,103,326.0,1292,0.21455
S2,Greedy,103,338.0,1294,0.2179
S2,Greedy,103,350.0,1295,0.21798
S2,Greedy,103,362.0,1296,0.21805
S2,Greedy,103,374.0,1297,0.21811
S2,Greedy,103,386.0,1299,0.21824
S2,Greedy,103,398.0,1299,0.21824
S2,Greedy,103,410.0,1300,0.21831
S2,Greedy,103,422.0,1300,0.21831
S2,Greedy,103,434.0,1300,0.21831
S2,Greedy,103,446.0,1300,0.21831
S2,Greedy,103,458.0,1300,0.21832
S2,Greedy,103,470.0,1300,0.21832
S2,Greedy,103,482.0,1300,0.21832
S2,Greedy,103,494.0,1300,0.21832
S2,Greedy,103,506.0,1300,0.21832
S2,Greedy,103,518.0,1300,0.21832
S2,Greedy,103,530.0,1301,0.21839
S2,Greedy,103,542.0,1301,0.21839
S2,Greedy,103,554.0,1301,0.21839
S2,Greedy,103,566.0,1302,0.21845
S2,Greedy,103,578.0,1305,0.21864
S2,Greedy,103,590.0,1305,0.21864
S2,Greedy,103,602.0,1310,0.21896
S2,Greedy,103,614.0,1340,0.22084
S2,Greedy,103,626.0,1360,0.22207
S2,Greedy,103,638.0,1361,0.22213
S2,Greedy,103,650.0,1361,0.22213
S2,Greedy,103,662.0,1371,0.22274
S2,Greedy,103,674.0,1371,0.22274
S2,Greedy,103,686.0,1378,0.22316
S2,Greedy,103,698.0,1379,0.22322
S2,Greedy,103,710.0,1380,0.22328
S2,Greedy,104,2.0,9,0.002
S2,Greedy,104,14.0,107,0.02228
S2,Greedy,104,26.0,238,0.0458
S2,Greedy,104,38.0,280,0.05261
S2,Greedy,104,50.0,300,0.05574
S2,Greedy,104,62.0,338,0.0615
S2,Greedy,104,74.0,344,0.06239
S2,Greedy,104,86.0,358,0.06443
S2,Greedy,104,98.0,368,0.06588
S2,Greedy,104,110.0,383,0.06802
S2,Greedy,104,122.0,494,0.09436
S2,Greedy,104,134.0,526,0.10168
S2,Greedy,104,146.0,539,0.10986
S2,Greedy,104,158.0,544,0.11051
S2,Greedy,104,170.0,556,0.11359
S2,Greedy,104,182.0,571,0.11536
S2,Greedy,104,194.0,581,0.11652
S2,Greedy,104,206.0,596,0.11824
S2,Greedy,104,218.0,615,0.12039
S2,Greedy,104,230.0,619,0.12084
S2,Greedy,104,242.0,623,0.12128
S2,Greedy,104,254.0,634,0.1225
S2,Greedy,104,266.0,637,0.12283
S2,Greedy,104,278.0,650,0.12424
S2,Greedy,104,290.0,662,0.12554
S2,Greedy,104,302.0,690,0.1285
S2,Greedy,104,314.0,717,0.13128
S2,Greedy,104,326.0,726,0.1322
S2,Greedy,104,338.0,732,0.1328
S2,Greedy,104,350.0,734,0.133
S2,Greedy,104,362.0,747,0.1343
S2,Greedy,104,374.0,753,0.13489
S2,Greedy,104,386.0,758,0.13538
S2,Greedy,104,398.0,763,0.13587
S2,Greedy,104,410.0,765,0.13607
S2,Greedy,104,422.0,767,0.13626
S2,Greedy,104,434.0,774,0.13694
S2,Greedy,104,446.0,775,0.13704
S2,Greedy,104,458.0,776,0.13714
S2,Greedy,104,470.0,776,0.13714
S2,Greedy,104,482.0,778,0.13733
S2,Greedy,104,494.0,781,0.13762
S2,Greedy,104,506.0,782,0.13772
S2,Greedy,104,518.0,782,0.13772
S2,Greedy,104,530.0,783,0.13781
S2,Greedy,104,542.0,784,0.13791
S2,Greedy,104,554.0,784,0.13791
S2,Greedy,104,566.0,784,0.13791
S2,Greedy,104,578.0,784,0.13791
S2,Greedy,104,590.0,784,0.13791
S2,Greedy,104,602.0,784,0.13791
S2,Greedy,104,614.0,784,0.13791
S2,Greedy,104,626.0,784,0.13791
S2,Greedy,104,638.0,784,0.13791
S2,Greedy,104,650.0,784,0.13791
S2,Greedy,104,662.0,784,0.13791
S2,Greedy,104,674.0,784,0.13791
S2,Greedy,104,686.0,784,0.13791
S2,Greedy,104,698.0,784,0.13791
S2,Greedy,104,710.0,784,0.13791
S2,Greedy,105,2.0,9,0.00201
S2,Greedy,105,14.0,59,0.01273
S2,Greedy,105,26.0,105,0.022
S2,Greedy,105,38.0,152,0.03093
S2,Greedy,105,50.0,162,0.03277
S2,Greedy,105,62.0,165,0.03331
S2,Greedy,105,74.0,177,0.03548
S2,Greedy,105,86.0,179,0.03584
S2,Greedy,105,98.0,181,0.03619
S2,Greedy,105,110.0,182,0.03637
S2,Greedy,105,122.0,184,0.03673
S2,Greedy,105,134.0,185,0.0369
S2,Greedy,105,146.0,185,0.0369
S2,Greedy,106,2.0,8,0.00171
S2,Greedy,106,14.0,26,0.00548
S2,Greedy,106,26.0,26,0.00548
S2,Greedy,106,38.0,26,0.00548
S2,Greedy,106,50.0,27,0.00569
S2,Greedy,106,62.0,30,0.00631
S2,Greedy,106,74.0,40,0.00836
S2,Greedy,106,86.0,42,0.00877
S2,Greedy,106,98.0,44,0.00917
S2,Greedy,106,110.0,48,0.00998
S2,Greedy,106,122.0,52,0.01079
S2,Greedy,106,134.0,52,0.01079
S2,Greedy,106,146.0,52,0.01079
S2,Greedy,106,158.0,56,0.01159
S2,Greedy,106,170.0,57,0.01179
S2,Greedy,106,182.0,57,0.01179
S2,Greedy,106,194.0,57,0.01179
S2,Greedy,106,206.0,57,0.01179
S2,Greedy,106,218.0,57,0.01179
S2,Greedy,106,230.0,57,0.01179
S2,Greedy,106,242.0,57,0.01179
S2,Greedy,106,254.0,57,0.01179
S2,Greedy,106,266.0,57,0.01179
S2,Greedy,106,278.0,57,0.01179
S2,Greedy,106,290.0,57,0.01179
S2,Greedy,106,302.0,57,0.01179
S2,Greedy,106,314.0,57,0.01179
S2,Greedy,106,326.0,57,0.01179
S2,Greedy,106,338.0,57,0.01179
S2,Greedy,106,350.0,57,0.01179
S2,Greedy,107,2.0,8,0.00178
S2,Greedy,107,14.0,85,0.01797
S2,Greedy,107,26.0,280,0.05267
S2,Greedy,107,38.0,537,0.08822
S2,Greedy,107,50.0,1060,0.16841
S2,Greedy,107,62.0,1412,0.20715
S2,Greedy,107,74.0,1536,0.218
S2,Greedy,107,86.0,1591,0.2266
S2,Greedy,107,98.0,1629,0.23047
S2,Greedy,107,110.0,1702,0.23676
S2,Greedy,107,122.0,1753,0.24862
S2,Greedy,107,134.0,1783,0.25196
S2,Greedy,107,146.0,1800,0.26213
S2,Greedy,107,158.0,1813,0.26283
S2,Greedy,107,170.0,1823,0.26521
S2,Greedy,107,182.0,1824,0.26529
S2,Greedy,107,194.0,1827,0.26545
S2,Greedy,107,206.0,1832,0.26756
S2,Greedy,107,218.0,1849,0.26835
S2,Greedy,107,230.0,1852,0.26848
S2,Greedy,107,242.0,1852,0.26848
S2,Greedy,107,254.0,1855,0.26862
S2,Greedy,107,266.0,1856,0.26866
S2,Greedy,107,278.0,1862,0.26893
S2,Greedy,107,290.0,1865,0.26906
S2,Greedy,107,302.0,1871,0.26933
S2,Greedy,107,314.0,1872,0.26937
S2,Greedy,107,326.0,1874,0.26946
S2,Greedy,107,338.0,1875,0.2695
S2,Greedy,107,350.0,1880,0.26975
S2,Greedy,107,362.0,1881,0.26979
S2,Greedy,107,374.0,1882,0.26984
S2,Greedy,107,386.0,1882,0.26984
S2,Greedy,107,398.0,1883,0.26988
S2,Greedy,107,410.0,1884,0.26992
S2,Greedy,107,422.0,1885,0.26997
S2,Greedy,107,434.0,1885,0.26997
S2,Greedy,107,446.0,1886,0.27001
S2,Greedy,107,458.0,1887,0.27005
S2,Greedy,107,470.0,1888,0.2701
S2,Greedy,107,482.0,1889,0.27014
S2,Greedy,107,494.0,1890,0.27018
S2,Greedy,107,506.0,1890,0.27018
S2,Greedy,107,518.0,1894,0.27036
S2,Greedy,107,530.0,1894,0.27036
S2,Greedy,107,542.0,1894,0.27036
S2,Greedy,107,554.0,1895,0.2704
S2,Greedy,107,566.0,1896,0.27045
S2,Greedy,107,578.0,1896,0.27045
S2,Greedy,107,590.0,1896,0.27045
S2,Greedy,107,602.0,1896,0.27045
S2,Greedy,107,614.0,1896,0.27045
S2,Greedy,107,626.0,1897,0.27049
S2,Greedy,107,638.0,1898,0.27053
S2,Greedy,107,650.0,1898,0.27053
S2,Greedy,107,662.0,1898,0.27053
S2,Greedy,107,674.0,1898,0.27053
S2,Greedy,107,686.0,1900,0.27062
S2,Greedy,107,698.0,1900,0.27062
S2,Greedy,107,710.0,1900,0.27062
S2,Greedy,108,2.0,13,0.00281
S2,Greedy,108,14.0,149,0.02964
S2,Greedy,108,26.0,300,0.05475
S2,Greedy,108,38.0,623,0.09661
S2,Greedy,108,50.0,924,0.12569
S2,Greedy,108,62.0,1095,0.13923
S2,Greedy,108,74.0,1181,0.1454
S2,Greedy,108,86.0,1290,0.15563
S2,Greedy,108,98.0,1413,0.16319
S2,Greedy,108,110.0,1582,0.1952
S2,Greedy,108,122.0,1724,0.23091
S2,Greedy,108,134.0,1768,0.24894
S2,Greedy,108,146.0,1796,0.26077
S2,Greedy,108,158.0,1895,0.27563
S2,Greedy,108,170.0,1915,0.27964
S2,Greedy,108,182.0,1926,0.28904
S2,Greedy,108,194.0,1931,0.29377
S2,Greedy,108,206.0,1933,0.29535
S2,Greedy,108,218.0,1939,0.30157
S2,Greedy,108,230.0,1945,0.30482
S2,Greedy,108,242.0,1949,0.30798
S2,Greedy,108,254.0,1951,0.31107
S2,Greedy,108,266.0,1953,0.31264
S2,Greedy,108,278.0,1980,0.31528
S2,Greedy,108,290.0,1986,0.31555
S2,Greedy,108,302.0,1991,0.32019
S2,Greedy,108,314.0,2007,0.32462
S2,Greedy,108,326.0,2013,0.32496
S2,Greedy,108,338.0,2015,0.3251
S2,Greedy,108,350.0,2015,0.32517
S2,Greedy,108,362.0,2018,0.32531
S2,Greedy,108,374.0,2020,0.33201
S2,Greedy,108,386.0,2020,0.33205
S2,Greedy,108,398.0,2024,0.33223
S2,Greedy,108,410.0,2024,0.33225
S2,Greedy,108,422.0,2024,0.33227
S2,Greedy,108,434.0,2025,0.33231
S2,Greedy,108,446.0,2026,0.33237
S2,Greedy,108,458.0,2027,0.33241
S2,Greedy,108,470.0,2029,0.33251
S2,Greedy,108,482.0,2030,0.33255
S2,Greedy,108,494.0,2032,0.33263
S2,Greedy,108,506.0,2032,0.33263
S2,Greedy,108,518.0,2098,0.33523
S2,Greedy,108,530.0,2295,0.34247
S2,Greedy,108,542.0,2351,0.3444
S2,Greedy,108,554.0,2379,0.34534
S2,Greedy,108,566.0,2397,0.34594
S2,Greedy,108,578.0,2434,0.34715
S2,Greedy,108,590.0,2452,0.34774
S2,Greedy,108,602.0,2481,0.34866
S2,Greedy,108,614.0,2510,0.34958
S2,Greedy,108,626.0,2550,0.35082
S2,Greedy,108,638.0,2582,0.3518
S2,Greedy,108,650.0,2588,0.35198
S2,Greedy,108,662.0,2589,0.35201
S2,Greedy,108,674.0,2591,0.35207
S2,Greedy,108,686.0,2592,0.3521
S2,Greedy,108,698.0,2594,0.35216
S2,Greedy,108,710.0,2594,0.35217
S2,Greedy,109,2.0,18,0.00397
S2,Greedy,109,14.0,130,0.0267
S2,Greedy,109,26.0,240,0.04616
S2,Greedy,109,38.0,522,0.08635
S2,Greedy,109,50.0,605,0.09612
S2,Greedy,109,62.0,693,0.10567
S2,Greedy,109,74.0,811,0.11733
S2,Greedy,109,86.0,947,0.14136
S2,Greedy,109,98.0,1056,0.16421
S2,Greedy,109,110.0,1169,0.1814
S2,Greedy,109,122.0,1275,0.18863
S2,Greedy,109,134.0,1369,0.20118
S2,Greedy,109,146.0,1449,0.22459
S2,Greedy,109,158.0,1505,0.2439
S2,Greedy,109,170.0,1551,0.24665
S2,Greedy,109,182.0,1586,0.25134
S2,Greedy,109,194.0,1620,0.2559
S2,Greedy,109,206.0,1677,0.26421
S2,Greedy,109,218.0,1713,0.26869
S2,Greedy,109,230.0,1812,0.27869
S2,Greedy,109,242.0,1871,0.28668
S2,Greedy,109,254.0,1910,0.29377
S2,Greedy,109,266.0,1971,0.29907
S2,Greedy,109,278.0,2015,0.31418
S2,Greedy,109,290.0,2050,0.31966
S2,Greedy,109,302.0,2125,0.3493
S2,Greedy,109,314.0,2190,0.35868
S2,Greedy,109,326.0,2229,0.36953
S2,Greedy,109,338.0,2258,0.37065
S2,Greedy,109,350.0,2327,0.37711
S2,Greedy,109,362.0,2558,0.38732
S2,Greedy,109,374.0,2637,0.39646
S2,Greedy,109,386.0,2681,0.3992
S2,Greedy,109,398.0,2722,0.41249
S2,Greedy,109,410.0,2746,0.41469
S2,Greedy,109,422.0,2792,0.42324
S2,Greedy,109,434.0,2822,0.42706
S2,Greedy,109,446.0,2839,0.42786
S2,Greedy,109,458.0,2848,0.43227
S2,Greedy,109,470.0,2849,0.43255
S2,Greedy,109,482.0,2852,0.43408
S2,Greedy,109,494.0,2852,0.43428
S2,Greedy,109,506.0,2852,0.43442
S2,Greedy,109,518.0,2852,0.43452
S2,Greedy,109,530.0,2852,0.4346
S2,Greedy,109,542.0,2852,0.43469
S2,Greedy,109,554.0,2852,0.43476
S2,Greedy,109,566.0,2852,0.4349
S2,Greedy,109,578.0,2852,0.43505
S2,Greedy,109,590.0,2852,0.43518
S2,Greedy,109,602.0,2852,0.43535
S2,Greedy,109,614.0,2852,0.43545
S2,Greedy,109,626.0,2852,0.43555
S2,Greedy,109,638.0,2852,0.43559
S2,Greedy,109,650.0,2852,0.43561
S2,Greedy,109,662.0,2852,0.43561
S2,Greedy,109,674.0,2852,0.43564
S2,Greedy,109,686.0,2852,0.43564
S2,Greedy,109,698.0,2852,0.43564
S2,Greedy,109,710.0,2852,0.43565
S2,Greedy,110,2.0,8,0.00172
S2,Greedy,110,14.0,36,0.00759
S2,Greedy,110,26.0,60,0.01247
S2,Greedy,110,38.0,91,0.01855
S2,Greedy,110,50.0,153,0.03005
S2,Greedy,110,62.0,212,0.04024
S2,Greedy,110,74.0,222,0.0419
S2,Greedy,110,86.0,243,0.04533
S2,Greedy,110,98.0,258,0.04772
S2,Greedy,110,110.0,283,0.05163
S2,Greedy,110,122.0,301,0.05438
S2,Greedy,110,134.0,342,0.06045
S2,Greedy,110,146.0,372,0.06472
S2,Greedy,110,158.0,395,0.0679
S2,Greedy,110,170.0,417,0.07088
S2,Greedy,110,182.0,426,0.07208
S2,Greedy,110,194.0,436,0.0734
S2,Greedy,110,206.0,451,0.07536
S2,Greedy,110,218.0,470,0.07779
S2,Greedy,110,230.0,487,0.07993
S2,Greedy,110,242.0,515,0.08337
S2,Greedy,110,254.0,535,0.08578
S2,Greedy,110,266.0,539,0.08625
S2,Greedy,110,278.0,547,0.0872
S2,Greedy,110,290.0,556,0.08825
S2,Greedy,110,302.0,565,0.0893
S2,Greedy,110,314.0,577,0.09068
S2,Greedy,110,326.0,582,0.09125
S2,Greedy,110,338.0,586,0.09171
S2,Greedy,110,350.0,591,0.09227
S2,Greedy,110,362.0,601,0.0934
S2,Greedy,110,374.0,611,0.09451
S2,Greedy,110,386.0,624,0.09594
S2,Greedy,110,398.0,628,0.09638
S2,Greedy,110,410.0,666,0.10045
S2,Greedy,110,422.0,696,0.10357
S2,Greedy,110,434.0,728,0.10681
S2,Greedy,110,446.0,738,0.1078
S2,Greedy,110,458.0,753,0.10927
S2,Greedy,110,470.0,773,0.11121
S2,Greedy,110,482.0,812,0.11488
S2,Greedy,110,494.0,832,0.11672
S2,Greedy,110,506.0,838,0.11727
S2,Greedy,110,518.0,845,0.1179
S2,Greedy,110,530.0,845,0.1179
S2,Greedy,110,542.0,850,0.11835
S2,Greedy,110,554.0,868,0.11996
S2,Greedy,110,566.0,878,0.12084
S2,Greedy,110,578.0,887,0.12162
S2,Greedy,110,590.0,897,0.12249
S2,Greedy,110,602.0,902,0.12292
S2,Greedy,110,614.0,914,0.12395
S2,Greedy,110,626.0,941,0.12622
S2,Greedy,110,638.0,966,0.12829
S2,Greedy,110,650.0,1001,0.13111
S2,Greedy,110,662.0,1038,0.134
S2,Greedy,110,674.0,1072,0.1366
S2,Greedy,110,686.0,1090,0.13794
S2,Greedy,110,698.0,1104,0.13897
S2,Greedy,110,710.0,1119,0.14007
S3,Greedy,101,2.0,5,0.00109
S3,Greedy,101,14.0,29,0.00623
S3,Greedy,101,26.0,29,0.00623
S3,Greedy,101,38.0,36,0.0077
S3,Greedy,101,50.0,44,0.00937
S3,Greedy,101,62.0,48,0.01019
S3,Greedy,101,74.0,50,0.01061
S3,Greedy,101,86.0,51,0.01081
S3,Greedy,101,98.0,53,0.01122
S3,Greedy,101,110.0,54,0.01142
S3,Greedy,101,122.0,54,0.01142
S3,Greedy,102,2.0,5,0.00116
S3,Greedy,102,14.0,55,0.01229
S3,Greedy,102,26.0,256,0.05848
S3,Greedy,102,38.0,393,0.08526
S3,Greedy,102,50.0,443,0.09674
S3,Greedy,102,62.0,448,0.10022
S3,Greedy,102,74.0,461,0.10411
S3,Greedy,102,86.0,487,0.10754
S3,Greedy,102,98.0,494,0.10845
S3,Greedy,102,110.0,500,0.10997
S3,Greedy,102,122.0,508,0.11099
S3,Greedy,102,134.0,511,0.1119
S3,Greedy,102,146.0,516,0.11307
S3,Greedy,102,158.0,518,0.11386
S3,Greedy,102,170.0,518,0.11386
S3,Greedy,102,182.0,531,0.11655
S3,Greedy,102,194.0,536,0.11717
S3,Greedy,102,206.0,536,0.11717
S3,Greedy,102,218.0,541,0.11778
S3,Greedy,102,230.0,545,0.11827
S3,Greedy,102,242.0,545,0.11827
S3,Greedy,102,254.0,545,0.11827
S3,Greedy,102,266.0,548,0.11863
S3,Greedy,102,278.0,548,0.11863
S3,Greedy,102,290.0,549,0.11876
S3,Greedy,102,302.0,550,0.11888
S3,Greedy,102,314.0,550,0.11888
S3,Greedy,102,326.0,551,0.119
S3,Greedy,102,338.0,552,0.11912
S3,Greedy,102,350.0,552,0.11912
S3,Greedy,102,362.0,552,0.11912
S3,Greedy,103,2.0,5,0.00115
S3,Greedy,103,14.0,21,0.00477
S3,Greedy,103,26.0,21,0.00477
S3,Greedy,103,38.0,25,0.00567
S3,Greedy,103,50.0,30,0.00678
S3,Greedy,103,62.0,36,0.0081
S3,Greedy,103,74.0,37,0.00832
S3,Greedy,103,86.0,45,0.01007
S3,Greedy,103,98.0,46,0.01028
S3,Greedy,103,110.0,49,0.01093
S3,Greedy,103,122.0,50,0.01115
S3,Greedy,103,134.0,51,0.01136
S3,Greedy,103,146.0,53,0.01179
S3,Greedy,103,158.0,53,0.01179
S3,Greedy,103,170.0,53,0.01179
S3,Greedy,104,2.0,10,0.00226
S3,Greedy,104,14.0,95,0.02034
S3,Greedy,104,26.0,95,0.02034
S3,Greedy,104,38.0,111,0.02352
S3,Greedy,104,50.0,112,0.02372
S3,Greedy,104,62.0,119,0.02509
S3,Greedy,104,74.0,123,0.02587
S3,Greedy,104,86.0,124,0.02606
S3,Greedy,104,98.0,125,0.02625
S3,Greedy,104,110.0,126,0.02645
S3,Greedy,104,122.0,130,0.02722
S3,Greedy,104,134.0,133,0.0278
S3,Greedy,104,146.0,133,0.0278
S3,Greedy,104,158.0,135,0.02818
S3,Greedy,104,170.0,135,0.02818
S3,Greedy,104,182.0,136,0.02837
S3,Greedy,104,194.0,136,0.02837
S3,Greedy,104,206.0,136,0.02837
S3,Greedy,104,218.0,136,0.02837
S3,Greedy,105,2.0,4,0.00088
S3,Greedy,105,14.0,23,0.005
S3,Greedy,105,26.0,40,0.00859
S3,Greedy,105,38.0,44,0.00943
S3,Greedy,105,50.0,50,0.01067
S3,Greedy,105,62.0,54,0.0115
S3,Greedy,105,74.0,58,0.01232
S3,Greedy,105,86.0,60,0.01273
S3,Greedy,105,98.0,62,0.01313
S3,Greedy,105,110.0,63,0.01334
S3,Greedy,105,122.0,63,0.01334
S3,Greedy,106,2.0,7,0.00166
S3,Greedy,106,14.0,48,0.01106
S3,Greedy,106,26.0,48,0.01106
S3,Greedy,106,38.0,48,0.01106
S3,Greedy,106,50.0,55,0.01261
S3,Greedy,106,62.0,61,0.01393
S3,Greedy,106,74.0,64,0.01458
S3,Greedy,106,86.0,64,0.01458
S3,Greedy,106,98.0,65,0.0148
S3,Greedy,106,110.0,68,0.01545
S3,Greedy,106,122.0,72,0.01632
S3,Greedy,106,134.0,73,0.01653
S3,Greedy,106,146.0,73,0.01653
S3,Greedy,106,158.0,76,0.01718
S3,Greedy,106,170.0,76,0.01718
S3,Greedy,106,182.0,76,0.01718
S3,Greedy,106,194.0,76,0.01718
S3,Greedy,106,206.0,76,0.01718
S3,Greedy,107,2.0,4,0.00093
S3,Greedy,107,14.0,11,0.00254
S3,Greedy,107,26.0,11,0.00254
S3,Greedy,107,38.0,11,0.00254
S3,Greedy,107,50.0,14,0.00323
S3,Greedy,107,62.0,16,0.00368
S3,Greedy,107,74.0,16,0.00368
S3,Greedy,107,86.0,19,0.00436
S3,Greedy,107,98.0,20,0.00459
S3,Greedy,107,110.0,21,0.00482
S3,Greedy,108,2.0,5,0.00123
S3,Greedy,108,14.0,30,0.00726
S3,Greedy,108,26.0,45,0.01077
S3,Greedy,108,38.0,52,0.01239
S3,Greedy,108,50.0,56,0.0133
S3,Greedy,108,62.0,57,0.01353
S3,Greedy,108,74.0,62,0.01466
S3,Greedy,108,86.0,64,0.01511
S3,Greedy,108,98.0,67,0.01579
S3,Greedy,108,110.0,67,0.01579
S3,Greedy,109,2.0,11,0.0026
S3,Greedy,109,14.0,158,0.04317
S3,Greedy,109,26.0,179,0.04719
S3,Greedy,109,38.0,200,0.05669
S3,Greedy,109,50.0,212,0.05889
S3,Greedy,109,62.0,218,0.05996
S3,Greedy,109,74.0,220,0.06032
S3,Greedy,109,86.0,222,0.06067
S3,Greedy,109,98.0,223,0.06085
S3,Greedy,109,110.0,224,0.06103
S3,Greedy,109,122.0,224,0.06103
S3,Greedy,110,2.0,4,0.00095
S3,Greedy,110,14.0,9,0.00213
S3,Greedy,110,26.0,9,0.00213
S3,Greedy,110,38.0,9,0.00213
S3,Greedy,110,50.0,12,0.00283
S3,Greedy,110,62.0,14,0.0033
S3,Greedy,110,74.0,14,0.0033
S3,Greedy,110,86.0,14,0.0033
S4,Greedy,101,2.0,9,0.00196
S4,Greedy,101,14.0,43,0.00916
S4,Greedy,101,26.0,69,0.01446
S4,Greedy,101,38.0,101,0.02075
S4,Greedy,101,50.0,132,0.02661
S4,Greedy,101,62.0,146,0.02971
S4,Greedy,101,74.0,152,0.0308
S4,Greedy,101,86.0,159,0.0331
S4,Greedy,101,98.0,167,0.03454
S4,Greedy,101,110.0,172,0.03543
S4,Greedy,101,122.0,172,0.03543
S4,Greedy,101,134.0,173,0.0356
S4,Greedy,101,146.0,173,0.0356
S4,Greedy,101,158.0,174,0.03578
S4,Greedy,101,170.0,174,0.03578
S4,Greedy,101,182.0,174,0.03578
S4,Greedy,102,2.0,12,0.00276
S4,Greedy,102,14.0,183,0.03765
S4,Greedy,102,26.0,571,0.12045
S4,Greedy,102,38.0,760,0.1498
S4,Greedy,102,50.0,801,0.16441
S4,Greedy,102,62.0,815,0.16699
S4,Greedy,102,74.0,852,0.17208
S4,Greedy,102,86.0,882,0.17921
S4,Greedy,102,98.0,884,0.1794
S4,Greedy,102,110.0,912,0.1824
S4,Greedy,102,122.0,919,0.18301
S4,Greedy,102,134.0,927,0.18369
S4,Greedy,102,146.0,938,0.18463
S4,Greedy,102,158.0,939,0.18472
S4,Greedy,102,170.0,940,0.1848
S4,Greedy,102,182.0,940,0.1848
S4,Greedy,102,194.0,953,0.1859
S4,Greedy,102,206.0,970,0.18785
S4,Greedy,102,218.0,970,0.18785
S4,Greedy,102,230.0,971,0.18794
S4,Greedy,102,242.0,974,0.18818
S4,Greedy,102,254.0,979,0.18859
S4,Greedy,102,266.0,980,0.18868
S4,Greedy,102,278.0,982,0.18884
S4,Greedy,102,290.0,983,0.18892
S4,Greedy,102,302.0,984,0.18901
S4,Greedy,102,314.0,984,0.18902
S4,Greedy,102,326.0,984,0.18902
S4,Greedy,102,338.0,985,0.18965
S4,Greedy,102,350.0,985,0.18965
S4,Greedy,102,362.0,985,0.18965
S4,Greedy,103,2.0,8,0.00184
S4,Greedy,103,14.0,37,0.00832
S4,Greedy,103,26.0,38,0.00854
S4,Greedy,103,38.0,42,0.00941
S4,Greedy,103,50.0,46,0.01028
S4,Greedy,103,62.0,53,0.01179
S4,Greedy,103,74.0,59,0.01308
S4,Greedy,103,86.0,61,0.0135
S4,Greedy,103,98.0,66,0.01456
S4,Greedy,103,110.0,69,0.01519
S4,Greedy,103,122.0,69,0.01519
S4,Greedy,103,134.0,69,0.01519
S4,Greedy,104,2.0,17,0.00383
S4,Greedy,104,14.0,204,0.04082
S4,Greedy,104,26.0,510,0.10194
S4,Greedy,104,38.0,693,0.14117
S4,Greedy,104,50.0,834,0.17075
S4,Greedy,104,62.0,874,0.17937
S4,Greedy,104,74.0,908,0.18695
S4,Greedy,104,86.0,949,0.19724
S4,Greedy,104,98.0,983,0.2023
S4,Greedy,104,110.0,1014,0.20912
S4,Greedy,104,122.0,1016,0.2093
S4,Greedy,104,134.0,1028,0.21349
S4,Greedy,104,146.0,1056,0.21567
S4,Greedy,104,158.0,1060,0.21598
S4,Greedy,104,170.0,1062,0.21614
S4,Greedy,104,182.0,1073,0.21698
S4,Greedy,104,194.0,1079,0.21794
S4,Greedy,104,206.0,1089,0.21869
S4,Greedy,104,218.0,1091,0.21884
S4,Greedy,104,230.0,1106,0.21996
S4,Greedy,104,242.0,1110,0.22025
S4,Greedy,104,254.0,1113,0.22047
S4,Greedy,104,266.0,1113,0.22047
S4,Greedy,105,2.0,8,0.00175
S4,Greedy,105,14.0,42,0.00901
S4,Greedy,105,26.0,79,0.01656
S4,Greedy,105,38.0,105,0.02165
S4,Greedy,105,50.0,125,0.02596
S4,Greedy,105,62.0,149,0.03041
S4,Greedy,105,74.0,175,0.0361
S4,Greedy,105,86.0,178,0.03663
S4,Greedy,105,98.0,185,0.03786
S4,Greedy,105,110.0,192,0.03908
S4,Greedy,105,122.0,195,0.0396
S4,Greedy,105,134.0,196,0.03978
S4,Greedy,105,146.0,199,0.04029
S4,Greedy,105,158.0,199,0.04029
S4,Greedy,105,170.0,199,0.04029
S4,Greedy,106,2.0,11,0.0026
S4,Greedy,106,14.0,79,0.01782
S4,Greedy,106,26.0,206,0.06832
S4,Greedy,106,38.0,289,0.09115
S4,Greedy,106,50.0,431,0.12635
S4,Greedy,106,62.0,485,0.13629
S4,Greedy,106,74.0,510,0.13957
S4,Greedy,106,86.0,571,0.15015
S4,Greedy,106,98.0,598,0.15388
S4,Greedy,106,110.0,634,0.15852
S4,Greedy,106,122.0,643,0.15953
S4,Greedy,106,134.0,660,0.16142
S4,Greedy,106,146.0,664,0.16186
S4,Greedy,106,158.0,665,0.16197
S4,Greedy,106,170.0,669,0.1624
S4,Greedy,106,182.0,708,0.16658
S4,Greedy,106,194.0,718,0.16762
S4,Greedy,106,206.0,721,0.16793
S4,Greedy,106,218.0,723,0.16814
S4,Greedy,106,230.0,724,0.16824
S4,Greedy,106,242.0,731,0.16897
S4,Greedy,106,254.0,738,0.16968
S4,Greedy,106,266.0,744,0.17029
S4,Greedy,106,278.0,747,0.1706
S4,Greedy,106,290.0,747,0.1706
S4,Greedy,106,302.0,752,0.1711
S4,Greedy,106,314.0,756,0.17151
S4,Greedy,106,326.0,757,0.17161
S4,Greedy,106,338.0,761,0.17201
S4,Greedy,106,350.0,762,0.17211
S4,Greedy,106,362.0,763,0.17221
S4,Greedy,106,374.0,763,0.17221
S4,Greedy,106,386.0,765,0.17241
S4,Greedy,106,398.0,765,0.17241
S4,Greedy,106,410.0,766,0.17251
S4,Greedy,106,422.0,768,0.1727
S4,Greedy,106,434.0,769,0.1728
S4,Greedy,106,446.0,769,0.1728
S4,Greedy,106,458.0,769,0.1728
S4,Greedy,106,470.0,769,0.1728
S4,Greedy,106,482.0,769,0.1728
S4,Greedy,106,494.0,769,0.1728
S4,Greedy,106,506.0,769,0.1728
S4,Greedy,106,518.0,769,0.1728
S4,Greedy,106,530.0,769,0.1728
S4,Greedy,106,542.0,769,0.1728
S4,Greedy,106,554.0,769,0.1728
S4,Greedy,106,566.0,769,0.1728
S4,Greedy,106,578.0,769,0.1728
S4,Greedy,106,590.0,769,0.1728
S4,Greedy,106,602.0,769,0.1728
S4,Greedy,106,614.0,769,0.1728
S4,Greedy,107,2.0,9,0.00208
S4,Greedy,107,14.0,116,0.02497
S4,Greedy,107,26.0,118,0.02537
S4,Greedy,107,38.0,154,0.03564
S4,Greedy,107,50.0,160,0.04391
S4,Greedy,107,62.0,161,0.04639
S4,Greedy,107,74.0,168,0.04771
S4,Greedy,107,86.0,169,0.04789
S4,Greedy,107,98.0,170,0.04808
S4,Greedy,107,110.0,172,0.04845
S4,Greedy,107,122.0,172,0.04845
S4,Greedy,107,134.0,172,0.04845
S4,Greedy,107,146.0,172,0.04845
S4,Greedy,107,158.0,172,0.04845
S4,Greedy,107,170.0,172,0.04845
S4,Greedy,108,2.0,10,0.00246
S4,Greedy,108,14.0,77,0.01951
S4,Greedy,108,26.0,116,0.02792
S4,Greedy,108,38.0,142,0.03478
S4,Greedy,108,50.0,151,0.0381
S4,Greedy,108,62.0,156,0.0401
S4,Greedy,108,74.0,161,0.0416
S4,Greedy,108,86.0,163,0.0432
S4,Greedy,108,98.0,164,0.0439
S4,Greedy,108,110.0,165,0.04509
S4,Greedy,108,122.0,166,0.04529
S4,Greedy,108,134.0,168,0.04569
S4,Greedy,108,146.0,179,0.04782
S4,Greedy,108,158.0,182,0.0484
S4,Greedy,108,170.0,182,0.0484
S4,Greedy,109,2.0,21,0.00493
S4,Greedy,109,14.0,313,0.08398
S4,Greedy,109,26.0,485,0.12276
S4,Greedy,109,38.0,528,0.14266
S4,Greedy,109,50.0,580,0.16075
S4,Greedy,109,62.0,599,0.16471
S4,Greedy,109,74.0,610,0.16603
S4,Greedy,109,86.0,616,0.16953
S4,Greedy,109,98.0,619,0.16988
S4,Greedy,109,110.0,624,0.17097
S4,Greedy,109,122.0,628,0.17143
S4,Greedy,109,134.0,628,0.17143
S4,Greedy,109,146.0,633,0.17199
S4,Greedy,109,158.0,634,0.17211
S4,Greedy,109,170.0,634,0.17211
S4,Greedy,109,182.0,634,0.17211
S4,Greedy,110,2.0,16,0.00377
S4,Greedy,110,14.0,127,0.03427
S4,Greedy,110,26.0,220,0.06282
S4,Greedy,110,38.0,253,0.0735
S4,Greedy,110,50.0,266,0.0812
S4,Greedy,110,62.0,281,0.08531
S4,Greedy,110,74.0,292,0.08713
S4,Greedy,110,86.0,295,0.08762
S4,Greedy,110,98.0,299,0.08827
S4,Greedy,110,110.0,318,0.09131
S4,Greedy,110,122.0,322,0.09195
S4,Greedy,110,134.0,327,0.09273
S4,Greedy,110,146.0,328,0.09289
S4,Greedy,110,158.0,329,0.09305
S4,Greedy,110,170.0,340,0.09475
S4,Greedy,110,182.0,345,0.09711
S4,Greedy,110,194.0,346,0.09727
S4,Greedy,110,206.0,353,0.09834
S4,Greedy,110,218.0,356,0.09879
S4,Greedy,110,230.0,356,0.09879
S4,Greedy,110,242.0,359,0.09925
S4,Greedy,110,254.0,365,0.10015
S4,Greedy,110,266.0,366,0.1003
S4,Greedy,110,278.0,366,0.1003
S4,Greedy,110,290.0,372,0.10119
S4,Greedy,110,302.0,372,0.10119
S4,Greedy,110,314.0,374,0.10149
S4,Greedy,110,326.0,374,0.10149
S4,Greedy,110,338.0,374,0.10149
S4,Greedy,110,350.0,375,0.10164
S4,Greedy,110,362.0,375,0.10164
S4,Greedy,110,374.0,375,0.10164
S4,Greedy,110,386.0,375,0.10165
S4,Greedy,110,398.0,378,0.10349
S4,Greedy,110,410.0,378,0.1035
S4,Greedy,110,422.0,378,0.1035
S4,Greedy,110,434.0,378,0.1035
S4,Greedy,110,446.0,378,0.1035
S4,Greedy,110,458.0,378,0.1035
S4,Greedy,110,470.0,378,0.1035
S4,Greedy,110,482.0,378,0.1035
S4,Greedy,110,494.0,378,0.1035
S4,Greedy,110,506.0,378,0.1035
S4,Greedy,110,518.0,378,0.1035
S4,Greedy,110,530.0,378,0.1035
S4,Greedy,110,542.0,378,0.1035
S4,Greedy,110,554.0,378,0.1035
S4,Greedy,110,566.0,378,0.1035
S4,Greedy,110,578.0,378,0.1035
S4,Greedy,110,590.0,378,0.1035
S4,Greedy,110,602.0,382,0.10409
S4,Greedy,110,614.0,424,0.11995
S4,Greedy,110,626.0,424,0.12
S4,Greedy,110,638.0,430,0.1243
S4,Greedy,110,650.0,430,0.12432
S4,Greedy,110,662.0,432,0.12619
S4,Greedy,110,674.0,432,0.1262
S4,Greedy,110,686.0,432,0.1262
S4,Greedy,110,698.0,432,0.12621
S4,Greedy,110,710.0,432,0.12622
S5,Greedy,101,2.0,9,0.00196
S5,Greedy,101,14.0,43,0.00916
S5,Greedy,101,26.0,69,0.01446
S5,Greedy,101,38.0,101,0.02075
S5,Greedy,101,50.0,132,0.02661
S5,Greedy,101,62.0,146,0.02971
S5,Greedy,101,74.0,152,0.0308
S5,Greedy,101,86.0,159,0.0331
S5,Greedy,101,98.0,167,0.03454
S5,Greedy,101,110.0,172,0.03543
S5,Greedy,101,122.0,172,0.03543
S5,Greedy,101,134.0,173,0.0356
S5,Greedy,101,146.0,173,0.0356
S5,Greedy,101,158.0,174,0.03578
S5,Greedy,101,170.0,174,0.03578
S5,Greedy,101,182.0,174,0.03578
S5,Greedy,102,2.0,12,0.00276
S5,Greedy,102,14.0,183,0.03765
S5,Greedy,102,26.0,571,0.12045
S5,Greedy,102,38.0,760,0.1498
S5,Greedy,102,50.0,801,0.16441
S5,Greedy,102,62.0,815,0.16699
S5,Greedy,102,74.0,852,0.17208
S5,Greedy,102,86.0,882,0.17921
S5,Greedy,102,98.0,884,0.1794
S5,Greedy,102,110.0,912,0.1824
S5,Greedy,102,122.0,919,0.18301
S5,Greedy,102,134.0,927,0.18369
S5,Greedy,102,146.0,938,0.18463
S5,Greedy,102,158.0,939,0.18472
S5,Greedy,102,170.0,940,0.1848
S5,Greedy,102,182.0,940,0.1848
S5,Greedy,102,194.0,953,0.1859
S5,Greedy,102,206.0,970,0.18785
S5,Greedy,102,218.0,970,0.18785
S5,Greedy,102,230.0,971,0.18794
S5,Greedy,102,242.0,974,0.18818
S5,Greedy,102,254.0,979,0.18859
S5,Greedy,102,266.0,980,0.18868
S5,Greedy,102,278.0,982,0.18884
S5,Greedy,102,290.0,983,0.18892
S5,Greedy,102,302.0,984,0.18901
S5,Greedy,102,314.0,984,0.18902
S5,Greedy,102,326.0,984,0.18902
S5,Greedy,102,338.0,985,0.18965
S5,Greedy,102,350.0,985,0.18965
S5,Greedy,102,362.0,985,0.18965
S5,Greedy,103,2.0,8,0.00184
S5,Greedy,103,14.0,37,0.00832
S5,Greedy,103,26.0,38,0.00854
S5,Greedy,103,38.0,42,0.00941
S5,Greedy,103,50.0,46,0.01028
S5,Greedy,103,62.0,53,0.01179
S5,Greedy,103,74.0,59,0.01308
S5,Greedy,103,86.0,61,0.0135
S5,Greedy,103,98.0,66,0.01456
S5,Greedy,103,110.0,69,0.01519
S5,Greedy,103,122.0,69,0.01519
S5,Greedy,103,134.0,69,0.01519
S5,Greedy,104,2.0,17,0.00383
S5,Greedy,104,14.0,204,0.04082
S5,Greedy,104,26.0,510,0.10194
S5,Greedy,104,38.0,693,0.14117
S5,Greedy,104,50.0,834,0.17075
S5,Greedy,104,62.0,874,0.17937
S5,Greedy,104,74.0,908,0.18695
S5,Greedy,104,86.0,949,0.19724
S5,Greedy,104,98.0,983,0.2023
S5,Greedy,104,110.0,1014,0.20912
S5,Greedy,104,122.0,1016,0.2093
S5,Greedy,104,134.0,1028,0.21349
S5,Greedy,104,146.0,1056,0.21567
S5,Greedy,104,158.0,1060,0.21598
S5,Greedy,104,170.0,1062,0.21614
S5,Greedy,104,182.0,1073,0.21698
S5,Greedy,104,194.0,1079,0.21794
S5,Greedy,104,206.0,1089,0.21869
S5,Greedy,104,218.0,1091,0.21884
S5,Greedy,104,230.0,1106,0.21996
S5,Greedy,104,242.0,1110,0.22025
S5,Greedy,104,254.0,1113,0.22047
S5,Greedy,104,266.0,1113,0.22047
S5,Greedy,105,2.0,8,0.00175
S5,Greedy,105,14.0,42,0.00901
S5,Greedy,105,26.0,79,0.01656
S5,Greedy,105,38.0,105,0.02165
S5,Greedy,105,50.0,125,0.02596
S5,Greedy,105,62.0,149,0.03041
S5,Greedy,105,74.0,175,0.0361
S5,Greedy,105,86.0,178,0.03663
S5,Greedy,105,98.0,185,0.03786
S5,Greedy,105,110.0,192,0.03908
S5,Greedy,105,122.0,195,0.0396
S5,Greedy,105,134.0,196,0.03978
S5,Greedy,105,146.0,199,0.04029
S5,Greedy,105,158.0,199,0.04029
S5,Greedy,105,170.0,199,0.04029
S5,Greedy,106,2.0,11,0.0026
S5,Greedy,106,14.0,79,0.01782
S5,Greedy,106,26.0,206,0.06832
S5,Greedy,106,38.0,289,0.09115
S5,Greedy,106,50.0,431,0.12635
S5,Greedy,106,62.0,485,0.13629
S5,Greedy,106,74.0,510,0.13957
S5,Greedy,106,86.0,571,0.15015
S5,Greedy,106,98.0,598,0.15388
S5,Greedy,106,110.0,634,0.15852
S5,Greedy,106,122.0,643,0.15953
S5,Greedy,106,134.0,660,0.16142
S5,Greedy,106,146.0,664,0.16186
S5,Greedy,106,158.0,665,0.16197
S5,Greedy,106,170.0,669,0.1624
S5,Greedy,106,182.0,708,0.16658
S5,Greedy,106,194.0,718,0.16762
S5,Greedy,106,206.0,721,0.16793
S5,Greedy,106,218.0,723,0.16814
S5,Greedy,106,230.0,724,0.16824
S5,Greedy,106,242.0,731,0.16897
S5,Greedy,106,254.0,738,0.16968
S5,Greedy,106,266.0,744,0.17029
S5,Greedy,106,278.0,747,0.1706
S5,Greedy,106,290.0,747,0.1706
S5,Greedy,106,302.0,752,0.1711
S5,Greedy,106,314.0,756,0.17151
S5,Greedy,106,326.0,757,0.17161
S5,Greedy,106,338.0,761,0.17201
S5,Greedy,106,350.0,762,0.17211
S5,Greedy,106,362.0,763,0.17221
S5,Greedy,106,374.0,763,0.17221
S5,Greedy,106,386.0,765,0.17241
S5,Greedy,106,398.0,765,0.17241
S5,Greedy,106,410.0,766,0.17251
S5,Greedy,106,422.0,768,0.1727
S5,Greedy,106,434.0,769,0.1728
S5,Greedy,106,446.0,769,0.1728
S5,Greedy,106,458.0,769,0.1728
S5,Greedy,106,470.0,769,0.1728
S5,Greedy,106,482.0,769,0.1728
S5,Greedy,106,494.0,769,0.1728
S5,Greedy,106,506.0,769,0.1728
S5,Greedy,106,518.0,769,0.1728
S5,Greedy,106,530.0,769,0.1728
S5,Greedy,106,542.0,769,0.1728
S5,Greedy,106,554.0,769,0.1728
S5,Greedy,106,566.0,769,0.1728
S5,Greedy,106,578.0,769,0.1728
S5,Greedy,106,590.0,769,0.1728
S5,Greedy,106,602.0,769,0.1728
S5,Greedy,106,614.0,769,0.1728
S5,Greedy,107,2.0,9,0.00208
S5,Greedy,107,14.0,116,0.02497
S5,Greedy,107,26.0,118,0.02537
S5,Greedy,107,38.0,154,0.03564
S5,Greedy,107,50.0,160,0.04391
S5,Greedy,107,62.0,161,0.04639
S5,Greedy,107,74.0,168,0.04771
S5,Greedy,107,86.0,169,0.04789
S5,Greedy,107,98.0,170,0.04808
S5,Greedy,107,110.0,172,0.04845
S5,Greedy,107,122.0,172,0.04845
S5,Greedy,107,134.0,172,0.04845
S5,Greedy,107,146.0,172,0.04845
S5,Greedy,107,158.0,172,0.04845
S5,Greedy,107,170.0,172,0.04845
S5,Greedy,108,2.0,10,0.00246
S5,Greedy,108,14.0,77,0.01951
S5,Greedy,108,26.0,116,0.02792
S5,Greedy,108,38.0,142,0.03478
S5,Greedy,108,50.0,151,0.0381
S5,Greedy,108,62.0,156,0.0401
S5,Greedy,108,74.0,161,0.0416
S5,Greedy,108,86.0,163,0.0432
S5,Greedy,108,98.0,164,0.0439
S5,Greedy,108,110.0,165,0.04509
S5,Greedy,108,122.0,166,0.04529
S5,Greedy,108,134.0,168,0.04569
S5,Greedy,108,146.0,179,0.04782
S5,Greedy,108,158.0,182,0.0484
S5,Greedy,108,170.0,182,0.0484
S5,Greedy,109,2.0,21,0.00493
S5,Greedy,109,14.0,313,0.08398
S5,Greedy,109,26.0,485,0.12276
S5,Greedy,109,38.0,528,0.14266
S5,Greedy,109,50.0,580,0.16075
S5,Greedy,109,62.0,599,0.16471
S5,Greedy,109,74.0,610,0.16603
S5,Greedy,109,86.0,616,0.16953
S5,Greedy,109,98.0,619,0.16988
S5,Greedy,109,110.0,624,0.17097
S5,Greedy,109,122.0,628,0.17143
S5,Greedy,109,134.0,628,0.17143
S5,Greedy,109,146.0,633,0.17199
S5,Greedy,109,158.0,634,0.17211
S5,Greedy,109,170.0,634,0.17211
S5,Greedy,109,182.0,634,0.17211
S5,Greedy,110,2.0,16,0.00377
S5,Greedy,110,14.0,127,0.03427
S5,Greedy,110,26.0,220,0.06282
S5,Greedy,110,38.0,253,0.0735
S5,Greedy,110,50.0,266,0.0812
S5,Greedy,110,62.0,281,0.08531
S5,Greedy,110,74.0,292,0.08713
S5,Greedy,110,86.0,295,0.08762
S5,Greedy,110,98.0,299,0.08827
S5,Greedy,110,110.0,318,0.09131
S5,Greedy,110,122.0,322,0.09195
S5,Greedy,110,134.0,327,0.09273
S5,Greedy,110,146.0,328,0.09289
S5,Greedy,110,158.0,329,0.09305
S5,Greedy,110,170.0,340,0.09475
S5,Greedy,110,182.0,345,0.09711
S5,Greedy,110,194.0,346,0.09727
S5,Greedy,110,206.0,353,0.09834
S5,Greedy,110,218.0,356,0.09879
S5,Greedy,110,230.0,356,0.09879
S5,Greedy,110,242.0,359,0.09925
S5,Greedy,110,254.0,365,0.10015
S5,Greedy,110,266.0,366,0.1003
S5,Greedy,110,278.0,366,0.1003
S5,Greedy,110,290.0,372,0.10119
S5,Greedy,110,302.0,372,0.10119
S5,Greedy,110,314.0,374,0.10149
S5,Greedy,110,326.0,374,0.10149
S5,Greedy,110,338.0,374,0.10149
S5,Greedy,110,350.0,375,0.10164
S5,Greedy,110,362.0,375,0.10164
S5,Greedy,110,374.0,375,0.10164
S5,Greedy,110,386.0,375,0.10165
S5,Greedy,110,398.0,378,0.10349
S5,Greedy,110,410.0,378,0.1035
S5,Greedy,110,422.0,378,0.1035
S5,Greedy,110,434.0,378,0.1035
S5,Greedy,110,446.0,378,0.1035
S5,Greedy,110,458.0,378,0.1035
S5,Greedy,110,470.0,378,0.1035
S5,Greedy,110,482.0,378,0.1035
S5,Greedy,110,494.0,378,0.1035
S5,Greedy,110,506.0,378,0.1035
S5,Greedy,110,518.0,378,0.1035
S5,Greedy,110,530.0,378,0.1035
S5,Greedy,110,542.0,378,0.1035
S5,Greedy,110,554.0,378,0.1035
S5,Greedy,110,566.0,378,0.1035
S5,Greedy,110,578.0,378,0.1035
S5,Greedy,110,590.0,378,0.1035
S5,Greedy,110,602.0,382,0.10409
S5,Greedy,110,614.0,424,0.11995
S5,Greedy,110,626.0,424,0.12
S5,Greedy,110,638.0,430,0.1243
S5,Greedy,110,650.0,430,0.12432
S5,Greedy,110,662.0,432,0.12619
S5,Greedy,110,674.0,432,0.1262
S5,Greedy,110,686.0,432,0.1262
S5,Greedy,110,698.0,432,0.12621
S5,Greedy,110,710.0,432,0.12622
