dial,level,seed,spread_tighten,j_phys,j_total,burned,cycles,adapt_frac,tried1,tried2,tried3,acc1,acc2,acc3,rules,fs_frac,seconds
j_threshold,0.05,202,0.0,0.13784,0.19274,1087,30,1.0,23,4,3,11,2,0,7,0.092,18.8
j_threshold,0.05,201,0.0,0.46545,0.46718,3807,30,1.0,26,1,3,21,1,0,6,0.175,21.8
j_threshold,0.05,203,0.0,0.15906,0.20126,1743,30,1.0,17,10,3,11,3,0,8,0.008,20.9
j_threshold,0.05,204,0.0,0.30588,0.33357,2297,30,1.0,25,2,3,12,2,1,8,0.058,21.2
j_threshold,0.05,205,0.0,0.26852,0.29794,2639,30,1.0,2,24,4,2,4,1,10,0.1,18.9
j_threshold,0.05,206,0.0,0.21791,0.24838,2115,30,1.0,7,20,3,5,6,0,11,0.058,16.4
j_threshold,0.05,208,0.0,0.41087,0.42013,2930,30,1.0,23,4,3,11,2,0,7,0.242,19.0
j_threshold,0.05,207,0.0,0.28399,0.31066,2747,30,1.0,26,1,3,16,0,1,6,0.292,20.0
j_threshold,0.05,210,0.0,0.29975,0.32138,3026,30,1.0,25,2,3,17,2,1,8,0.017,20.8
j_threshold,0.05,209,0.0,0.50787,0.5047,3895,30,1.0,25,2,3,17,2,2,9,0.3,21.9
j_threshold,0.1,202,0.0,0.14136,0.19631,1094,30,0.967,20,6,3,9,2,0,7,0.1,18.6
j_threshold,0.1,201,0.0,0.46545,0.46718,3807,30,1.0,26,1,3,21,1,0,6,0.175,21.2
j_threshold,0.1,203,0.0,0.15906,0.20126,1743,30,1.0,17,10,3,11,3,0,8,0.008,20.2
j_threshold,0.1,204,0.0,0.30588,0.33357,2297,30,1.0,25,2,3,12,2,1,8,0.058,20.3
j_threshold,0.1,206,0.0,0.24381,0.26907,2406,30,0.9,2,21,4,2,7,1,13,0.058,16.7
j_threshold,0.1,205,0.0,0.26852,0.29794,2639,30,1.0,2,24,4,2,4,1,10,0.1,18.8
j_threshold,0.1,207,0.0,0.28399,0.31066,2747,30,1.0,26,1,3,16,0,1,6,0.292,20.2
j_threshold,0.1,208,0.0,0.41087,0.42013,2930,30,1.0,23,4,3,11,2,0,7,0.242,20.1
j_threshold,0.1,209,0.0,0.50787,0.5047,3895,30,1.0,25,2,3,17,2,2,9,0.3,20.9
j_threshold,0.1,210,0.0,0.29975,0.32138,3026,30,1.0,25,2,3,17,2,1,8,0.017,21.4
j_threshold,0.15,202,0.0,0.13846,0.19045,1096,30,0.767,14,5,4,9,2,1,8,0.117,18.1
j_threshold,0.15,201,0.0,0.46545,0.46718,3807,30,1.0,26,1,3,21,1,0,6,0.175,23.4
j_threshold,0.15,203,0.0,0.16182,0.20286,1775,30,0.967,16,10,3,8,4,0,9,0.008,20.4
j_threshold,0.15,204,0.0,0.30588,0.33357,2297,30,1.0,25,2,3,12,2,1,8,0.058,20.3
j_threshold,0.15,206,0.0,0.17858,0.21386,1466,30,0.667,6,11,3,5,5,0,10,0.058,14.1
j_threshold,0.15,205,0.0,0.27018,0.29881,2620,30,1.0,8,17,5,8,5,2,12,0.1,19.5
j_threshold,0.15,207,0.0,0.28532,0.31255,2746,30,1.0,25,1,4,15,0,1,6,0.283,20.0
j_threshold,0.15,208,0.0,0.41087,0.42013,2930,30,1.0,23,4,3,11,2,0,7,0.242,20.6
j_threshold,0.15,209,0.0,0.50787,0.5047,3895,30,1.0,25,2,3,17,2,2,9,0.3,21.1
j_threshold,0.15,210,0.0,0.2595,0.2864,2719,35,0.857,24,3,3,14,2,1,8,0.014,21.6
j_threshold,0.2,202,0.0,0.13805,0.19038,1090,30,0.733,16,3,3,12,2,1,8,0.117,17.4
j_threshold,0.2,201,0.0,0.46545,0.46718,3807,30,1.0,26,1,3,21,1,0,6,0.175,21.8
j_threshold,0.2,203,0.0,0.16001,0.20376,1763,30,0.667,4,13,3,3,5,0,10,0.008,16.0
j_threshold,0.2,204,0.0,0.30591,0.33045,2298,35,0.886,21,6,4,10,4,1,10,0.036,21.1
j_threshold,0.2,205,0.0,0.22184,0.25994,2111,30,0.933,7,18,3,7,7,0,12,0.1,17.8
j_threshold,0.2,206,0.0,0.18555,0.22141,1544,30,0.567,3,11,3,3,5,0,10,0.058,14.2
j_threshold,0.2,207,0.0,0.34339,0.36039,3082,30,0.967,25,1,3,14,0,0,5,0.275,20.1
j_threshold,0.2,208,0.0,0.41087,0.42013,2930,30,1.0,23,4,3,11,2,0,7,0.242,20.7
j_threshold,0.2,209,0.0,0.50787,0.5047,3895,30,1.0,25,2,3,17,2,2,9,0.3,20.1
j_threshold,0.2,210,0.0,0.23766,0.26765,2695,35,0.771,22,2,3,10,2,1,8,0.014,19.6
j_threshold,0.25,201,0.0,0.50186,0.49537,3861,43,0.721,17,7,7,6,3,2,10,0.227,20.3
j_threshold,0.25,202,0.0,0.13805,0.19038,1090,30,0.733,16,3,3,12,2,1,8,0.117,16.6
j_threshold,0.25,203,0.0,0.16001,0.20379,1763,30,0.633,3,13,3,2,5,0,10,0.008,15.1
j_threshold,0.25,204,0.0,0.49741,0.49518,3422,30,0.933,10,15,3,8,3,1,9,0.25,15.9
j_threshold,0.25,206,0.0,0.18751,0.22241,1569,30,0.533,1,12,3,1,5,0,10,0.058,13.8
j_threshold,0.25,205,0.0,0.22184,0.25994,2111,30,0.933,7,18,3,7,7,0,12,0.1,18.2
j_threshold,0.25,207,0.0,0.35116,0.36728,3168,30,0.9,16,8,3,10,2,1,8,0.092,19.4
j_threshold,0.25,208,0.0,0.41024,0.41943,2929,30,1.0,18,9,3,7,6,0,11,0.208,19.8
j_threshold,0.25,209,0.0,0.53735,0.53068,3956,30,0.933,23,2,3,9,2,1,8,0.3,19.0
j_threshold,0.25,210,0.0,0.24118,0.27081,2707,35,0.571,16,2,2,11,2,0,7,0.014,17.7
j_threshold,0.35,201,0.0,0.48564,0.48528,3822,30,0.767,12,6,5,4,3,1,9,0.158,16.4
j_threshold,0.35,202,0.0,0.13805,0.19038,1090,30,0.733,16,3,3,12,2,1,8,0.117,17.4
j_threshold,0.35,203,0.0,0.16001,0.20379,1763,30,0.633,3,13,3,2,5,0,10,0.008,15.5
j_threshold,0.35,204,0.0,0.47278,0.47419,3107,30,0.9,15,5,7,3,1,3,9,0.258,18.4
j_threshold,0.35,205,0.0,0.22184,0.25994,2111,30,0.933,7,18,3,7,7,0,12,0.1,17.6
j_threshold,0.35,206,0.0,0.18751,0.22241,1569,30,0.533,1,12,3,1,5,0,10,0.058,13.9
j_threshold,0.35,207,0.0,0.35344,0.36886,3177,30,0.867,18,5,3,12,1,1,7,0.075,18.9
j_threshold,0.35,208,0.0,0.4142,0.42286,2931,30,0.967,18,8,3,12,5,0,10,0.233,19.0
j_threshold,0.35,209,0.0,0.50951,0.50588,3905,33,0.758,1,21,3,1,5,1,11,0.136,13.2
j_threshold,0.35,210,0.0,0.24035,0.27072,2680,35,0.429,11,2,2,8,2,0,7,0.014,15.1
j_threshold,0.45,201,0.0,0.48564,0.4852,3822,30,0.733,15,2,5,4,2,1,8,0.192,15.7
j_threshold,0.45,202,0.0,0.13805,0.19038,1090,30,0.733,16,3,3,12,2,1,8,0.117,16.5
j_threshold,0.45,203,0.0,0.16001,0.20379,1763,30,0.633,3,13,3,2,5,0,10,0.008,15.7
j_threshold,0.45,204,0.0,0.47278,0.47419,3107,30,0.9,15,6,6,3,1,3,9,0.258,19.0
j_threshold,0.45,205,0.0,0.22184,0.25994,2111,30,0.933,7,18,3,7,7,0,12,0.1,17.4
j_threshold,0.45,206,0.0,0.18751,0.22241,1569,30,0.533,1,12,3,1,5,0,10,0.058,13.6
j_threshold,0.45,207,0.0,0.35344,0.36886,3177,30,0.867,18,5,3,12,1,1,7,0.075,19.1
j_threshold,0.45,208,0.0,0.4142,0.42286,2931,30,0.967,18,8,3,12,5,0,10,0.233,18.8
j_threshold,0.45,209,0.0,0.50951,0.50588,3905,33,0.758,1,21,3,1,5,1,11,0.136,13.8
j_threshold,0.45,210,0.0,0.24035,0.27072,2680,35,0.429,11,2,2,8,2,0,7,0.014,16.6
eta,0.6,201,0.0,0.48564,0.48528,3822,30,0.767,12,6,5,4,3,1,9,0.158,17.3
eta,0.6,202,0.0,0.13805,0.19038,1090,30,0.733,16,3,3,12,2,1,8,0.117,17.3
eta,0.6,203,0.0,0.16001,0.20379,1763,30,0.633,3,13,3,2,5,0,10,0.008,16.7
eta,0.6,204,0.0,0.47278,0.47419,3107,30,0.9,15,5,7,3,1,3,9,0.258,18.3
eta,0.6,205,0.0,0.22184,0.25994,2111,30,0.933,7,18,3,7,7,0,12,0.1,18.5
eta,0.6,206,0.0,0.18751,0.22241,1569,30,0.533,1,12,3,1,5,0,10,0.058,13.1
eta,0.6,207,0.0,0.35344,0.36886,3177,30,0.867,18,5,3,12,1,1,7,0.075,18.6
eta,0.6,208,0.0,0.4142,0.42286,2931,30,0.967,18,8,3,12,5,0,10,0.233,18.8
eta,0.6,209,0.0,0.50951,0.50588,3905,33,0.758,1,21,3,1,5,1,11,0.136,13.8
eta,0.6,210,0.0,0.24035,0.27072,2680,35,0.429,11,2,2,8,2,0,7,0.014,15.4
eta,0.7,201,0.0,0.48227,0.48255,3815,30,0.833,19,1,5,8,1,1,7,0.592,18.1
eta,0.7,202,0.0,0.23209,0.26418,2092,30,0.467,10,2,2,8,1,0,6,0.483,14.6
eta,0.7,203,0.0,0.24521,0.27583,2541,30,0.9,2,22,3,2,9,0,14,0.05,14.7
eta,0.7,204,0.0,0.3451,0.36897,2452,32,0.812,17,5,4,10,4,1,10,0.398,19.2
eta,0.7,205,0.0,0.21434,0.25598,2043,30,0.933,19,6,3,11,5,0,10,0.533,18.3
eta,0.7,206,0.0,0.21912,0.24819,1955,35,0.514,8,7,3,6,5,0,10,0.236,15.2
eta,0.7,207,0.0,0.29421,0.3197,2757,30,0.9,20,4,3,12,2,0,7,0.733,19.7
eta,0.7,208,0.0,0.42995,0.43375,3032,37,0.811,16,8,6,7,3,2,10,0.541,20.0
eta,0.7,209,0.0,0.48011,0.48128,3824,30,0.7,17,1,3,13,1,2,8,0.742,17.9
eta,0.7,210,0.0,0.32778,0.34601,3329,30,0.667,9,5,6,8,2,1,8,0.342,16.2
eta,0.75,202,0.0,0.1475,0.19751,1069,30,0.433,2,7,4,2,2,1,8,0.625,13.2
eta,0.75,201,0.0,0.4374,0.44279,3505,35,0.8,22,3,3,15,1,0,6,0.914,21.4
eta,0.75,203,0.0,0.17162,0.21261,1894,30,0.867,5,18,3,4,9,0,14,0.425,18.5
eta,0.75,204,0.0,0.47873,0.47996,3332,30,0.833,11,11,3,8,2,2,9,0.633,17.6
eta,0.75,206,0.0,0.28496,0.30447,3123,30,0.367,1,7,3,1,5,0,10,0.483,12.4
eta,0.75,205,0.0,0.23373,0.26898,2271,30,0.9,20,4,3,11,4,0,9,0.75,19.2
eta,0.75,208,0.0,0.42038,0.42689,2942,35,0.886,12,16,3,10,8,0,13,0.521,19.0
eta,0.75,207,0.0,0.28158,0.30765,2735,30,0.9,21,3,3,15,2,0,7,0.75,22.1
eta,0.75,209,0.0,0.30874,0.33048,2396,30,0.7,7,11,3,7,3,1,9,0.575,15.6
eta,0.75,210,0.0,0.47446,0.47674,3859,30,0.733,2,18,2,1,6,0,11,0.625,16.3
eta,0.8,202,0.0,0.12312,0.1762,1055,30,0.5,6,4,5,2,0,1,6,1.0,15.0
eta,0.8,201,0.0,0.33727,0.36219,3016,35,0.8,11,14,3,6,4,0,9,1.0,17.6
eta,0.8,203,0.0,0.17804,0.21793,1955,30,0.833,3,19,3,3,6,0,11,0.833,16.1
eta,0.8,204,0.0,0.29343,0.32164,2213,31,0.774,8,12,4,5,5,2,12,0.911,17.0
eta,0.8,206,0.0,0.23264,0.25221,2062,31,0.355,3,6,2,3,6,0,11,0.952,12.4
eta,0.8,205,0.0,0.24114,0.28141,2313,30,1.0,21,6,3,13,3,0,8,0.95,19.7
eta,0.8,207,0.0,0.2978,0.32088,2801,35,0.743,19,4,3,16,3,0,8,0.793,22.2
eta,0.8,208,0.0,0.45453,0.45817,3536,30,0.967,17,9,3,10,5,0,10,0.983,19.0
eta,0.8,209,0.0,0.4838,0.48339,3736,35,0.8,8,15,5,6,3,3,11,1.0,16.6
eta,0.8,210,0.0,0.22715,0.26383,2602,30,0.767,16,4,3,9,1,0,6,1.0,17.3
eta,0.9,202,0.0,0.10008,0.14286,790,24,0.792,4,10,5,4,3,1,9,1.0,13.8
eta,0.9,201,0.0,0.45907,0.46267,3768,35,0.743,20,3,3,17,3,0,8,1.0,21.3
eta,0.9,203,0.0,0.1668,0.21088,1856,30,0.767,2,18,3,1,10,0,15,1.0,16.2
eta,0.9,204,0.0,0.43102,0.43782,3123,32,0.75,5,16,3,3,3,1,9,1.0,15.0
eta,0.9,206,0.0,0.38132,0.3873,3524,31,0.581,2,14,2,2,7,0,12,1.0,13.6
eta,0.9,205,0.0,0.27169,0.30282,2580,30,1.0,23,4,3,11,2,0,7,1.0,18.7
eta,0.9,207,0.0,0.28025,0.30957,2673,30,0.9,19,5,3,12,4,0,9,1.0,20.5
eta,0.9,208,0.0,0.41963,0.4267,2946,38,0.842,20,9,3,11,4,0,9,1.0,20.0
eta,0.9,210,0.0,0.42502,0.43399,3762,30,0.733,2,18,2,1,9,0,14,1.0,14.6
eta,0.9,209,0.0,0.44104,0.44867,3717,30,0.733,17,2,3,9,1,1,7,1.0,18.6
