step,j_c,j_0,bound,deficit_on,gap,adapt_due,seed
0,0.10396923016421077,0.10396923016421077,0.09877076865600022,True,False,True,201
6,0.2197255430675194,0.19546527077528494,0.0,True,True,True,201
12,0.24420320024588021,0.24415766051249851,0.0,True,True,True,201
18,0.26703101759482656,0.2643511978441486,0.0,True,True,True,201
24,0.25111514154891956,0.27966997158396195,0.0,True,True,True,201
30,0.25198747324802007,0.287112831882203,0.0,True,True,True,201
36,0.27923459211187746,0.30488245596526287,0.0,True,True,True,201
42,0.29521929492133747,0.32126109675121634,0.0,True,True,True,201
48,0.31138751019388594,0.32585828949809725,0.0,True,True,True,201
54,0.32108983846330735,0.3407804597597496,0.0,True,True,True,201
60,0.3324909863302101,0.3641558748228668,0.0,True,True,True,201
66,0.35463768202774326,0.3678924751903114,0.0,True,True,True,201
72,0.3623188366773832,0.37993715937126793,0.0,True,True,True,201
78,0.3620925092756343,0.3896120373645722,0.0,True,True,True,201
84,0.3735001667363678,0.3977813635777991,0.0,True,True,True,201
90,0.37788354502979177,0.3860976567824662,0.0,True,True,True,201
96,0.3828847635274515,0.39181614382782337,0.0,True,True,True,201
102,0.39137125832428593,0.3951053297041054,0.0,True,True,True,201
108,0.40141926890346696,0.4020296924996279,0.0,True,True,True,201
114,0.41355039502836266,0.41208547056150285,0.0,True,True,True,201
120,0.42039301603240387,0.4213181951556371,0.0,True,True,True,201
126,0.4295208426901611,0.42696777966981486,0.0,True,True,True,201
132,0.42929887800818356,0.43121597118225813,0.0,True,True,True,201
138,0.4337473945542978,0.43606189424568387,0.0,True,True,True,201
144,0.4403938801848897,0.44112400514825717,0.0,True,True,True,201
150,0.44433324300875315,0.4449699502720219,0.0,True,True,True,201
156,0.4504674015898305,0.4477281380265784,0.0,True,True,True,201
162,0.45506677200957696,0.45259094914521764,0.0,True,True,True,201
168,0.4610678969684233,0.4568417738427508,0.0,True,True,True,201
174,0.46573173792451394,0.4648120480681114,0.0,True,True,True,201
0,0.06050353035162537,0.06050353035162537,0.057478353834044094,True,False,True,202
6,0.09999198722723186,0.09125381228014821,0.0,True,True,True,202
12,0.10007702056074577,0.09943523914474342,0.0,True,True,True,202
18,0.10339362144178302,0.13531245795212962,0.0,True,True,True,202
24,0.09646564288739062,0.12832280629190326,0.0,True,True,True,202
30,0.10283187781747187,0.12200326623372292,0.0,True,True,True,202
36,0.1120386587879502,0.1406016194933946,0.0,True,True,True,202
42,0.10642495019752649,0.13488087006808425,0.0,True,True,True,202
48,0.119999483104287,0.1348514037015888,0.0,True,True,True,202
54,0.11729532981950881,0.12912222763858072,0.0,True,True,True,202
60,0.14785823074559226,0.13325674684621622,0.0,True,True,True,202
66,0.12889501554224925,0.12964620344117414,0.0,True,True,True,202
72,0.15480804323958205,0.14135498110307806,0.0,True,True,True,202
78,0.13757009375759496,0.16280547031343248,0.0,True,True,True,202
84,0.1352915634643039,0.15507117194157105,0.0,True,True,True,202
90,0.15242459943421519,0.1494821039145427,0.0,True,True,True,202
96,0.14452481411121254,0.16285675347601566,0.0,True,True,True,202
102,0.15149296539087745,0.16952350502693755,0.0,True,True,True,202
108,0.1581375754497753,0.17590102496346977,0.0,True,True,True,202
114,0.16523470934097956,0.17737159400968044,0.0,True,True,True,202
120,0.16730786214718196,0.1842395963443221,0.0,True,True,True,202
126,0.1731907522347347,0.17648051561769182,0.0,True,True,True,202
132,0.174876302022513,0.18441830415400312,0.0,True,True,True,202
138,0.17986703165797813,0.18342573665782413,0.0,True,True,True,202
144,0.18055275285221692,0.18490697610607093,0.0,True,True,True,202
150,0.18191453461038962,0.19001208983634432,0.0,True,True,True,202
156,0.18476565599983155,0.19167577150520027,0.0,True,True,True,202
162,0.1878656338620422,0.1904970589537578,0.0,True,True,True,202
168,0.18962614219411145,0.1918306348556282,0.0,True,True,True,202
174,0.19443910831963204,0.19705167698430995,0.0,True,True,True,202
0,0.07473410613136973,0.07473410613136973,0.07099740082480124,True,False,True,203
6,0.10833930642608398,0.09871869539895164,0.0,True,True,True,203
12,0.1155167300786319,0.11028191676733427,0.0,True,True,True,203
18,0.12956047152510536,0.1214885732257713,0.0,True,True,True,203
24,0.1362884621860899,0.1314443225870883,0.0,True,True,True,203
30,0.14272182232198175,0.1420814230460774,0.0,True,True,True,203
36,0.15077208665532718,0.15279117349128016,0.0,True,True,True,203
42,0.15703770155513122,0.15855620982746094,0.0,True,True,True,203
48,0.1542723232379746,0.17022062470694643,0.0,True,True,True,203
54,0.16036628790506335,0.17458915717332754,0.0,True,True,True,203
60,0.16506673695325488,0.17374875158942718,0.0,True,True,True,203
66,0.1750092001280761,0.18046173346666536,0.0,True,True,True,203
72,0.1843369245787413,0.18916969305629397,0.0,True,True,True,203
78,0.18200565037558486,0.19111669105057863,0.0,True,True,True,203
84,0.1876208734543588,0.1947406082005735,0.0,True,True,True,203
90,0.19824198957930897,0.20145795408176365,0.0,True,True,True,203
96,0.2045705583637574,0.20729738577479442,0.0,True,True,True,203
102,0.20654888684372405,0.20736363322041632,0.0,True,True,True,203
108,0.21454665021601121,0.21728434556656295,0.0,True,True,True,203
114,0.21740024536665029,0.221374744621036,0.0,True,True,True,203
120,0.2257041176239636,0.23509078942694228,0.0,True,True,True,203
126,0.2402013832466779,0.2504623851149472,0.0,True,True,True,203
132,0.2656977627918829,0.2697957639067208,0.0,True,True,True,203
138,0.2747277620339058,0.2777322982830144,0.0,True,True,True,203
144,0.27673086270868097,0.2865882621381029,0.0,True,True,True,203
150,0.2824442689429679,0.28576489867851945,0.0,True,True,True,203
156,0.28910886727168045,0.29783342883903846,0.0,True,True,True,203
162,0.2946653593005618,0.29689377478306844,0.0,True,True,True,203
168,0.299206471794526,0.3140637143850113,0.0,True,True,True,203
174,0.3026163067497936,0.3084620829061882,0.0,True,True,True,203
0,0.16428386801112901,0.16428386801112901,0.15606967461057256,True,False,True,204
6,0.20193786068275738,0.2110142615106708,0.0,True,True,True,204
12,0.23615306062818728,0.26491650909224174,0.0,True,True,True,204
18,0.24857029896881366,0.2655188720281212,0.0,True,True,True,204
24,0.2471754612818801,0.28388897961579757,0.0,True,True,True,204
30,0.2602095263938752,0.27308584426768595,0.0,True,True,True,204
36,0.27153365178231953,0.28864993048332144,0.0,True,True,True,204
42,0.2860537760426765,0.2864231025814959,0.0,True,True,True,204
48,0.32297327031558243,0.329417994365221,0.0,True,True,True,204
54,0.34741716891476193,0.3526726012782711,0.0,True,True,True,204
60,0.3601524091681905,0.37259467119845857,0.0,True,True,True,204
66,0.3628097423207754,0.39028932570114877,0.0,True,True,True,204
72,0.3723189106293318,0.39250477955878094,0.0,True,True,True,204
78,0.3807628619883882,0.4002592302764861,0.0,True,True,True,204
84,0.38879637788165866,0.4056393012923005,0.0,True,True,True,204
90,0.40574483453158044,0.41232761038918236,0.0,True,True,True,204
96,0.40609946199824376,0.41471849550503004,0.0,True,True,True,204
102,0.4155183437815762,0.4256689475730757,0.0,True,True,True,204
108,0.41624141741527465,0.42750504264955036,0.0,True,True,True,204
114,0.42393551513427896,0.4365272854751093,0.0,True,True,True,204
120,0.430130797135238,0.44007084570851224,0.0,True,True,True,204
126,0.43331162342759405,0.43873603283346546,0.0,True,True,True,204
132,0.4369370731457822,0.4396176897321178,0.0,True,True,True,204
138,0.44067112154722643,0.4429555577009806,0.0,True,True,True,204
144,0.4443570823057767,0.445454597594919,0.0,True,True,True,204
150,0.4488463996494612,0.4485633759639469,0.0,True,True,True,204
156,0.45184043453190237,0.451475773511264,0.0,True,True,True,204
162,0.4543663920276401,0.4534274067526656,0.0,True,True,True,204
168,0.45866796895790385,0.45695693775995344,0.0,True,True,True,204
174,0.4610473660385249,0.46038316534667634,0.0,True,True,True,204
0,0.07697103620954626,0.07697103620954626,0.07312248439906895,True,False,True,205
6,0.16566335385751563,0.13825512341261845,0.0,True,True,True,205
12,0.17962744563991234,0.16310621703884173,0.0,True,True,True,205
18,0.17171642030600226,0.18298676488506374,0.0,True,True,True,205
24,0.18090031300113008,0.19498509389160845,0.0,True,True,True,205
30,0.19019266422962317,0.18615273477325786,0.0,True,True,True,205
36,0.19367479819584538,0.19373227544233038,0.0,True,True,True,205
42,0.19562180858897177,0.19128521723995742,0.0,True,True,True,205
48,0.2039041376931018,0.19780751856016196,0.0,True,True,True,205
54,0.21626751185832052,0.2078969722374463,0.0,True,True,True,205
60,0.2111589691721885,0.21296919251962876,0.0,True,True,True,205
66,0.21453455604300112,0.2137145250279694,0.0,True,True,True,205
72,0.21937525480463457,0.2125131312116695,0.0,True,True,True,205
78,0.22058907895298557,0.2167634828354283,0.0,True,True,True,205
84,0.22272971308822198,0.21598048448118964,0.0,True,True,True,205
90,0.22577304035843662,0.21715020489711834,0.0,True,True,True,205
96,0.22715821576665735,0.21912545194801852,0.0,True,True,True,205
102,0.23138338089687863,0.21989378030233295,0.0,True,True,True,205
108,0.23218421737197578,0.2216955223218871,0.0,True,True,True,205
114,0.23527265509389522,0.22367266750374132,0.0,True,True,True,205
120,0.2370742977635707,0.22540047567385432,0.0,True,True,True,205
126,0.23868624280287057,0.22698433880001967,0.0,True,True,True,205
132,0.2400853006578121,0.22860040841545362,0.0,True,True,True,205
138,0.24532575107700916,0.23018438216962475,0.0,True,True,True,205
144,0.24407326290919204,0.2323042511658601,0.0,True,True,True,205
150,0.247375919170581,0.23414035903379046,0.0,True,True,True,205
156,0.2511314794448565,0.23576008576630772,0.0,True,True,True,205
162,0.2525236006127306,0.237234180981587,0.0,True,True,True,205
168,0.25552427274267736,0.23938827138285443,0.0,True,True,True,205
174,0.25348679189962997,0.24118570162753702,0.0,True,True,True,205
