scenario,arm,seed,profile,burned_ha,forest_ha,pop_affected,evacuated,out_min,success,t2h_j_burn,t2h_j_asset,t2h_j_pop,t2h_j_resp,t2h_j_delay,t2h_j_total,t2h_j_phys,t6h_j_burn,t6h_j_asset,t6h_j_pop,t6h_j_resp,t6h_j_delay,t6h_j_total,t6h_j_phys,end_j_burn,end_j_asset,end_j_pop,end_j_resp,end_j_delay,end_j_total,end_j_phys,rules_final,coverage,fs_frac,adapt_share,tried_1,tried_2,tried_3,acc_1,acc_2,acc_3,dj_1,dj_2,dj_3,genai_source,wall_s
S3,Test0,101,minimal,273.15,81.99,8654336.0,0.0,-1,0,0.47398,0.33744,0.00872,0.0,0.0,0.24122,0.27338,0.66608,0.99532,0.13319,0.0,0.0,0.52782,0.5982,0.66608,0.99532,0.13319,0.0,0.0,0.52782,0.5982,0,,,0.0,0,0,0,0,0,0,0.0,0.0,0.0,,5.6
S2,Test0,101,minimal,227.61,117.45,3468264.0,0.0,-1,0,0.58958,0.53896,0.01762,0.0,0.0,0.33711,0.38205,0.62283,0.81951,0.12279,0.0,0.0,0.46033,0.52171,0.62283,0.81951,0.12279,0.0,0.0,0.46033,0.52171,0,,,0.0,0,0,0,0,0,0,0.0,0.0,0.0,,6.3
S4,Test0,101,minimal,258.3,81.99,6672188.0,0.0,-1,0,0.54026,0.49678,0.02534,0.0,0.0,0.31247,0.35413,0.65354,0.87657,0.12567,0.0,0.0,0.48699,0.55192,0.65354,0.87657,0.12567,0.0,0.0,0.48699,0.55192,0,,,0.0,0,0,0,0,0,0,0.0,0.0,0.0,,6.1
S1,Test0,101,minimal,215.64,110.7,2398609.0,0.0,-1,0,0.52386,0.0,0.0,0.0,0.0,0.15408,0.17462,0.61006,0.6526,0.09359,0.0,0.0,0.3989,0.45208,0.61006,0.6526,0.09359,0.0,0.0,0.3989,0.45208,0,,,0.0,0,0,0,0,0,0,0.0,0.0,0.0,,6.8
S5,Test0,101,minimal,258.3,81.99,6672188.0,0.0,-1,0,0.54026,0.49678,0.02534,0.0,0.0,0.31247,0.35413,0.65354,0.87657,0.12567,0.0,0.0,0.48699,0.55192,0.65354,0.87657,0.12567,0.0,0.0,0.48699,0.55192,0,,,0.0,0,0,0,0,0,0,0.0,0.0,0.0,,6.3
S1,Test0,102,minimal,268.11,132.3,4444444.0,0.0,-1,0,0.47362,0.00705,0.0,0.0,0.0,0.14137,0.16022,0.66637,1.0,0.11014,0.0,0.0,0.5225,0.59217,0.66637,1.0,0.11014,0.0,0.0,0.5225,0.59217,0,,,0.0,0,0,0,0,0,0,0.0,0.0,0.0,,7.5
S2,Test0,102,minimal,256.32,131.31,3498084.0,0.0,-1,0,0.57011,0.1466,2e-05,0.0,0.0,0.2108,0.23891,0.6563,0.83564,0.09823,0.0,0.0,0.46769,0.53005,0.6563,0.83564,0.09823,0.0,0.0,0.46769,0.53005,0,,,0.0,0,0,0,0,0,0,0.0,0.0,0.0,,8.1
S3,F5,101,minimal,12.78,4.14,0.0,0.0,-1,0,0.07254,0.0,0.0,0.02665,0.50339,0.05251,0.02418,0.08536,0.00156,0.0,0.0822,0.35478,0.05127,0.02897,0.08536,0.00156,0.0,0.0822,0.35478,0.05127,0.02897,5,0.0,0.484,0.0,0,0,0,0,0,0,0.0,0.0,0.0,,46.1
S5,F5,101,minimal,51.39,16.38,593166.0,0.0,-1,0,0.21349,0.07583,0.00067,0.11885,0.3001,0.10994,0.09667,0.27288,0.12874,0.00154,0.35003,0.31873,0.15792,0.13439,0.27288,0.12874,0.00154,0.35003,0.31873,0.15792,0.13439,5,0.008,0.325,0.0,0,0,0,0,0,0,0.0,0.0,0.0,,47.3
S4,F5,101,minimal,39.33,6.57,302380.0,0.0,-1,0,0.1587,0.02342,0.00013,0.08754,0.42955,0.08402,0.06075,0.22313,0.12193,0.00066,0.29643,0.31157,0.13745,0.11524,0.22313,0.12193,0.00066,0.29643,0.31157,0.13745,0.11524,5,0.0,0.267,0.0,0,0,0,0,0,0,0.0,0.0,0.0,,47.9
S1,F5,101,minimal,113.76,57.42,40313.0,0.0,-1,0,0.23444,0.0,0.0,0.1273,0.41763,0.10101,0.07815,0.45216,0.02426,0.0001,0.67003,0.39023,0.20252,0.15884,0.45216,0.02426,0.0001,0.67003,0.39023,0.20252,0.15884,5,0.225,0.283,0.0,0,0,0,0,0,0,0.0,0.0,0.0,,50.3
S3,Test0,102,minimal,213.66,42.93,6070271.0,0.0,-1,0,0.55839,0.48758,0.01365,0.0,0.0,0.31165,0.35321,0.62293,0.6972,0.09972,0.0,0.0,0.4176,0.47328,0.62293,0.6972,0.09972,0.0,0.0,0.4176,0.47328,0,,,0.0,0,0,0,0,0,0,0.0,0.0,0.0,,6.5
S2,F5,101,minimal,155.61,93.51,403128.0,0.0,-1,0,0.42651,0.0,0.0,0.23132,0.20904,0.15135,0.14217,0.53029,0.16109,0.00137,0.7657,0.0,0.24879,0.23091,0.53029,0.16109,0.00137,0.7657,0.0,0.24879,0.23091,5,0.356,0.294,0.0,0,0,0,0,0,0,0.0,0.0,0.0,,58.5
S1,F5,102,minimal,189.09,89.19,88889.0,0.0,-1,0,0.38558,0.04511,0.0,0.22306,0.33515,0.15951,0.14356,0.58483,0.1903,0.00037,0.81421,0.22176,0.28903,0.2585,0.58483,0.1903,0.00037,0.81421,0.22176,0.28903,0.2585,5,0.225,0.25,0.0,0,0,0,0,0,0,0.0,0.0,0.0,,52.1
S4,Test0,102,minimal,255.96,51.84,8571380.0,0.0,-1,0,0.58754,0.5121,0.02872,0.0,0.0,0.33187,0.37612,0.66433,0.98002,0.13827,0.0,0.0,0.5243,0.59421,0.66433,0.98002,0.13827,0.0,0.0,0.5243,0.59421,0,,,0.0,0,0,0,0,0,0,0.0,0.0,0.0,,5.9
S3,F5EvAI,101,minimal,25.29,12.6,151579.0,0.0,-1,0,0.08094,0.0,0.0,0.03782,0.37175,0.0479,0.02698,0.15589,0.05097,0.00029,0.16001,0.24178,0.08456,0.06905,0.15589,0.05097,0.00029,0.16001,0.24178,0.08456,0.06905,8,0.0,0.467,0.5254,0,17,7,0,1,2,0.0,-0.0368,-0.0114,template,66.1
S3,F5Ev,101,minimal,41.49,12.69,252144.0,0.0,-1,0,0.06913,0.0,0.0,0.0212,0.30595,0.03958,0.02304,0.23253,0.09282,0.00052,0.12131,0.13638,0.111,0.10862,0.23253,0.09282,0.00052,0.12131,0.13638,0.111,0.10862,7,0.25,0.142,0.5344,12,3,0,12,2,0,-0.6491,-0.0466,0.0,,76.0
S2,F5,102,minimal,198.36,99.0,71111.0,0.0,-1,0,0.44769,0.0,0.0,0.25208,0.28417,0.16322,0.14923,0.5964,0.17339,0.00033,0.82643,0.18234,0.28584,0.25671,0.5964,0.17339,0.00033,0.82643,0.18234,0.28584,0.25671,5,0.379,0.25,0.0,0,0,0,0,0,0,0.0,0.0,0.0,,55.8
S5,F5Ev,101,minimal,57.87,12.69,305145.0,0.0,-1,0,0.15402,0.01249,0.00015,0.10098,0.35453,0.07581,0.05555,0.29707,0.109,0.00066,0.31166,0.1673,0.1478,0.13557,0.29707,0.109,0.00066,0.31166,0.1673,0.1478,0.13557,8,0.358,0.0,0.6133,11,4,0,11,3,0,-0.5866,-0.074,0.0,,78.7
S4,F5EvAI,101,minimal,35.46,10.44,152494.0,0.0,-1,0,0.15589,0.02811,0.00031,0.07822,0.30338,0.07666,0.06144,0.20569,0.03279,0.00031,0.27144,0.24325,0.10051,0.0796,0.20569,0.03279,0.00031,0.27144,0.24325,0.10051,0.0796,9,0.317,0.142,0.7018,6,6,3,4,2,2,-0.1859,-0.1076,-0.0408,template,78.8
S4,F5Ev,101,minimal,41.22,13.5,204167.0,0.0,-1,0,0.14642,0.00937,0.0001,0.09503,0.22858,0.06489,0.05196,0.23137,0.04897,0.00034,0.22061,0.17543,0.10585,0.09356,0.23137,0.04897,0.00034,0.22061,0.17543,0.10585,0.09356,8,0.25,0.0,0.5569,12,3,0,12,3,0,-0.4221,-0.0685,0.0,,80.7
S1,F5Ev,101,minimal,111.24,60.48,0.0,0.0,-1,0,0.23863,0.0,0.0,0.1341,0.41506,0.10249,0.07954,0.44661,0.0,0.0,0.67702,0.33081,0.19064,0.14887,0.44661,0.0,0.0,0.67702,0.33081,0.19064,0.14887,7,0.342,0.008,0.2626,13,2,0,8,2,0,-0.0661,0.0203,0.0,,83.6
S5,F5EvAI,101,minimal,43.02,13.14,254419.0,0.0,-1,0,0.16516,0.02811,0.00031,0.10124,0.25971,0.07817,0.06453,0.23906,0.06715,0.00049,0.34909,0.21566,0.12343,0.10223,0.23906,0.06715,0.00049,0.34909,0.21566,0.12343,0.10223,9,0.317,0.008,0.7063,4,8,3,4,2,2,-0.2132,-0.1335,-0.0499,template,78.0
S5,Test0,102,minimal,255.96,51.84,8571380.0,0.0,-1,0,0.58754,0.5121,0.02872,0.0,0.0,0.33187,0.37612,0.66433,0.98002,0.13827,0.0,0.0,0.5243,0.59421,0.66433,0.98002,0.13827,0.0,0.0,0.5243,0.59421,0,,,0.0,0,0,0,0,0,0,0.0,0.0,0.0,,6.0
S1,F5EvAI,101,minimal,100.8,53.55,0.0,0.0,-1,0,0.2271,0.0,0.0,0.15143,0.39555,0.09897,0.0757,0.4224,0.0,0.0,0.7277,0.30613,0.18505,0.1408,0.4224,0.0,0.0,0.7277,0.30613,0.18505,0.1408,9,0.233,0.25,0.4313,10,1,4,7,1,3,-0.0121,0.0203,0.0018,template,86.0
S2,F5Ev,101,minimal,135.18,80.91,0.0,0.0,-1,0,0.34481,0.0,0.0,0.25709,0.36479,0.138,0.11494,0.49514,0.0,0.0,0.83152,0.22237,0.20762,0.16505,0.49514,0.0,0.0,0.83152,0.22237,0.20762,0.16505,11,0.35,0.071,0.3509,9,6,0,4,6,0,-0.1711,-0.1396,0.0,,86.3
S1,F5,103,minimal,0.27,0.27,0.0,0.0,24.0,1,,,,,,,,,,,,,,,0.00197,0.0,0.0,0.00034,0.71324,0.04255,0.00066,5,0.0,0.125,0.0,0,0,0,0,0,0,0.0,0.0,0.0,,3.6
S2,F5EvAI,101,minimal,139.32,80.01,0.0,0.0,-1,0,0.33399,0.0,0.0,0.257,0.34865,0.13386,0.11133,0.50268,0.0,0.0,0.85648,0.17676,0.20863,0.16756,0.50268,0.0,0.0,0.85648,0.17676,0.20863,0.16756,7,0.275,0.317,0.1776,11,1,3,8,1,1,-0.2675,0.0053,-0.0059,template,88.5
S1,F5Ev,102,minimal,91.17,39.51,0.0,0.0,-1,0,0.31786,0.0,0.0,0.17119,0.33659,0.12336,0.10595,0.40447,0.0,0.0,0.52777,0.26747,0.16574,0.13482,0.40447,0.0,0.0,0.52777,0.26747,0.16574,0.13482,9,0.273,0.0,0.5011,9,6,0,9,4,0,-0.1636,-0.0496,0.0,,82.9
S1,Test0,103,minimal,272.97,134.46,4413939.0,0.0,-1,0,0.10483,0.0338,8e-05,0.0,0.0,0.0408,0.04624,0.66615,1.0,0.14838,0.0,0.0,0.53369,0.60484,0.66615,1.0,0.14838,0.0,0.0,0.53369,0.60484,0,,,0.0,0,0,0,0,0,0,0.0,0.0,0.0,,6.2
S1,F5Ev,103,minimal,0.27,0.27,0.0,0.0,24.0,1,,,,,,,,,,,,,,,0.00197,0.0,0.0,0.00035,0.69189,0.0413,0.00066,6,0.25,0.0,0.5083,0,1,0,0,1,0,0.0,0.0,0.0,,5.6
S1,F5EvAI,102,minimal,120.06,55.26,35556.0,0.0,-1,0,0.37107,0.0,0.0,0.22553,0.29536,0.13978,0.12369,0.47213,0.11418,0.00014,0.81349,0.20257,0.23225,0.19548,0.47213,0.11418,0.00014,0.81349,0.20257,0.23225,0.19548,7,0.267,0.033,0.3015,11,2,2,7,2,0,-0.1562,-0.0134,0.0,template,85.0
S1,F5EvAI,103,minimal,0.27,0.27,0.0,0.0,24.0,1,,,,,,,,,,,,,,,0.00197,0.0,0.0,0.00034,0.71324,0.04255,0.00066,5,0.0,0.125,0.0,0,0,1,0,0,0,0.0,0.0,0.0,template,6.7
S2,Test0,103,minimal,272.25,134.46,4169893.0,0.0,-1,0,0.51592,0.49976,0.01579,0.0,0.0,0.30337,0.34382,0.66557,0.88141,0.20575,0.0,0.0,0.51551,0.58424,0.66557,0.88141,0.20575,0.0,0.0,0.51551,0.58424,0,,,0.0,0,0,0,0,0,0,0.0,0.0,0.0,,7.7
S3,F5,102,minimal,48.6,6.75,125635.0,0.0,-1,0,0.24804,0.05769,0.00033,0.06436,0.27943,0.11024,0.10202,0.27314,0.07348,0.00042,0.15847,0.31226,0.12976,0.11568,0.27314,0.07348,0.00042,0.15847,0.31226,0.12976,0.11568,5,0.0,0.565,0.0,0,0,0,0,0,0,0.0,0.0,0.0,,44.9
S3,Test0,103,minimal,209.79,50.31,7324015.0,0.0,-1,0,0.46283,0.38258,0.02341,0.0,0.0,0.25554,0.28961,0.61732,0.78539,0.12059,0.0,0.0,0.44803,0.50777,0.61732,0.78539,0.12059,0.0,0.0,0.44803,0.50777,0,,,0.0,0,0,0,0,0,0,0.0,0.0,0.0,,6.4
S4,Test0,103,minimal,202.68,46.62,6525724.0,0.0,-1,0,0.46182,0.4063,0.02432,0.0,0.0,0.26248,0.29748,0.60914,0.71142,0.11995,0.0,0.0,0.42368,0.48017,0.60914,0.71142,0.11995,0.0,0.0,0.42368,0.48017,0,,,0.0,0,0,0,0,0,0,0.0,0.0,0.0,,6.1
S3,F5Ev,103,minimal,1.89,1.26,0.0,0.0,62.0,1,,,,,,,,,,,,,,,0.01432,0.0,0.0,0.00471,0.45556,0.03129,0.00477,7,0.25,0.0,0.4061,1,2,0,1,2,0,-0.0729,-0.0578,0.0,,14.0
S5,Test0,103,minimal,202.68,46.62,6525724.0,0.0,-1,0,0.46182,0.4063,0.02432,0.0,0.0,0.26248,0.29748,0.60914,0.71142,0.11995,0.0,0.0,0.42368,0.48017,0.60914,0.71142,0.11995,0.0,0.0,0.42368,0.48017,0,,,0.0,0,0,0,0,0,0,0.0,0.0,0.0,,5.4
S4,F5,102,minimal,130.41,19.35,1785956.0,0.0,-1,0,0.45506,0.19441,0.00388,0.20972,0.26108,0.21986,0.21779,0.50208,0.25906,0.00424,0.45413,0.23245,0.2655,0.25513,0.50208,0.25906,0.00424,0.45413,0.23245,0.2655,0.25513,5,0.016,0.323,0.0,0,0,0,0,0,0,0.0,0.0,0.0,,47.6
S3,F5Ev,102,minimal,56.88,13.32,124841.0,0.0,-1,0,0.25078,0.04899,0.00026,0.07201,0.15797,0.10177,0.10001,0.30546,0.0651,0.0003,0.18411,0.1606,0.12936,0.12362,0.30546,0.0651,0.0003,0.18411,0.1606,0.12936,0.12362,8,0.55,0.017,0.6073,9,6,0,9,3,0,-0.2725,-0.117,0.0,,73.0
S5,F5,102,minimal,131.49,19.44,1772734.0,0.0,-1,0,0.46079,0.21265,0.004,0.21577,0.27423,0.22807,0.22581,0.50414,0.27995,0.0045,0.51829,0.25463,0.27741,0.26286,0.50414,0.27995,0.0045,0.51829,0.25463,0.27741,0.26286,5,0.025,0.292,0.0,0,0,0,0,0,0,0.0,0.0,0.0,,51.3
S2,F5Ev,102,minimal,196.74,97.47,66667.0,0.0,-1,0,0.47025,0.0,0.0,0.22791,0.20948,0.16404,0.15675,0.59443,0.1903,0.00024,0.82733,0.15362,0.28858,0.26166,0.59443,0.1903,0.00024,0.82733,0.15362,0.28858,0.26166,7,0.393,0.0,0.368,12,3,0,10,2,0,0.0246,0.0246,0.0,,89.1
S1,Test0,104,minimal,219.33,102.24,2383593.0,0.0,-1,0,0.3806,0.18786,0.0089,0.0,0.0,0.16981,0.19245,0.61994,0.57139,0.06385,0.0,0.0,0.36917,0.41839,0.61994,0.57139,0.06385,0.0,0.0,0.36917,0.41839,0,,,0.0,0,0,0,0,0,0,0.0,0.0,0.0,,6.2
S2,F5EvAI,102,minimal,196.02,97.74,71111.0,0.0,-1,0,0.42909,0.0,0.0,0.25213,0.28638,0.15788,0.14303,0.59354,0.1903,0.00023,0.85138,0.15786,0.28998,0.26136,0.59354,0.1903,0.00023,0.85138,0.15786,0.28998,0.26136,8,0.375,0.033,0.3016,9,3,3,8,3,0,0.0228,0.0187,0.0,template,89.4
S3,F5,103,minimal,6.21,4.41,0.0,0.0,-1,0,0.015,0.0,0.0,0.00987,0.52278,0.03574,0.005,0.04557,0.0,0.0,0.03703,0.51048,0.04561,0.01519,0.04557,0.0,0.0,0.03703,0.51048,0.04561,0.01519,5,0.0,0.278,0.0,0,0,0,0,0,0,0.0,0.0,0.0,,47.6
S4,F5Ev,103,minimal,9.18,4.05,0.0,0.0,192.0,1,0.05863,0.0,0.0,0.0308,0.33811,0.03895,0.01954,,,,,,,,0.06593,0.0,0.0,0.03704,0.33553,0.04131,0.02198,7,0.25,0.016,0.5369,6,2,0,6,2,0,-0.1117,-0.1275,0.0,,40.9
S2,F5,103,minimal,106.83,36.81,335563.0,0.0,-1,0,0.39029,0.06277,0.00038,0.2476,0.24132,0.16213,0.15115,0.43849,0.10623,0.00101,0.7771,0.26727,0.22194,0.18191,0.43849,0.10623,0.00101,0.7771,0.26727,0.22194,0.18191,5,0.0,0.242,0.0,0,0,0,0,0,0,0.0,0.0,0.0,,50.9
S3,F5EvAI,102,minimal,47.07,6.12,125159.0,206.0,-1,0,0.25156,0.05866,0.00055,0.08344,0.20592,0.10842,0.10359,0.26684,0.07155,0.00132,0.1645,0.10952,0.11603,0.11324,0.26684,0.07155,0.00132,0.1645,0.10952,0.11603,0.11324,9,0.7,0.125,0.737,9,3,3,8,3,1,-0.04,-0.0944,-0.0138,template,81.0
S3,F5EvAI,103,minimal,6.12,3.69,0.0,0.0,228.0,1,0.03409,0.0,0.0,0.01964,0.36265,0.03251,0.01136,,,,,,,,0.04494,0.0,0.0,0.03641,0.31651,0.03398,0.01498,9,0.0,0.224,0.5825,0,7,5,0,1,3,0.0,-0.027,-0.0348,template,47.1
S4,F5,103,minimal,12.24,2.43,85374.0,0.0,-1,0,0.07727,0.01923,0.00024,0.04112,0.40507,0.0547,0.03224,0.08602,0.01923,0.00041,0.14201,0.52594,0.07037,0.03522,0.08602,0.01923,0.00041,0.14201,0.52594,0.07037,0.03522,5,0.0,0.283,0.0,0,0,0,0,0,0,0.0,0.0,0.0,,46.3
S2,Test0,104,minimal,155.61,52.74,2383593.0,0.0,-1,0,0.37983,0.18786,0.0089,0.0,0.0,0.16958,0.19219,0.53646,0.57139,0.06527,0.0,0.0,0.34503,0.39104,0.53646,0.57139,0.06527,0.0,0.0,0.34503,0.39104,0,,,0.0,0,0,0,0,0,0,0.0,0.0,0.0,,6.4
S4,F5Ev,102,minimal,102.69,20.34,1638971.0,0.0,-1,0,0.4222,0.18797,0.00368,0.22446,0.25582,0.20879,0.20462,0.44259,0.22638,0.00372,0.46001,0.22318,0.23804,0.22423,0.44259,0.22638,0.00372,0.46001,0.22318,0.23804,0.22423,8,0.408,0.017,0.5002,10,5,0,10,3,0,-0.127,-0.058,0.0,,79.5
S3,Test0,104,minimal,211.59,45.99,6626222.0,0.0,-1,0,0.47087,0.35978,0.01935,0.0,0.0,0.25,0.28333,0.61657,0.82079,0.11382,0.0,0.0,0.45623,0.51706,0.61657,0.82079,0.11382,0.0,0.0,0.45623,0.51706,0,,,0.0,0,0,0,0,0,0,0.0,0.0,0.0,,5.6
S4,F5EvAI,103,minimal,15.39,4.68,153673.0,0.0,262.0,1,0.09062,0.02628,0.00024,0.05287,0.25545,0.05259,0.03905,,,,,,,,0.10582,0.02628,0.00024,0.10389,0.30254,0.06283,0.04411,10,0.0,0.193,0.6245,0,7,8,0,1,4,0.0,-0.0981,-0.0208,template,50.4
S4,Test0,104,minimal,214.47,46.89,6654506.0,0.0,-1,0,0.59332,0.65801,0.03662,0.0,0.0,0.37881,0.42932,0.61977,0.82079,0.16134,0.0,0.0,0.47115,0.53397,0.61977,0.82079,0.16134,0.0,0.0,0.47115,0.53397,0,,,0.0,0,0,0,0,0,0,0.0,0.0,0.0,,6.4
S5,F5Ev,102,minimal,92.7,20.16,1432636.0,0.0,-1,0,0.40299,0.14819,0.0034,0.20945,0.23178,0.18907,0.18486,0.41751,0.16431,0.00343,0.43332,0.21629,0.21034,0.19508,0.41751,0.16431,0.00343,0.43332,0.21629,0.21034,0.19508,9,0.411,0.008,0.6107,6,9,0,5,4,0,0.009,-0.0744,0.0,,74.0
S4,F5EvAI,102,minimal,106.2,25.38,1669400.0,209.0,-1,0,0.42428,0.17391,0.00406,0.22146,0.25641,0.20524,0.20075,0.4509,0.18358,0.00487,0.60516,0.15545,0.23279,0.21312,0.4509,0.18358,0.00487,0.60516,0.15545,0.23279,0.21312,10,0.575,0.042,0.6651,9,3,3,7,3,2,-0.0384,-0.0397,-0.0024,template,82.6
S5,F5,103,minimal,78.48,6.48,1022752.0,0.0,-1,0,0.33776,0.12275,0.00132,0.11589,0.23919,0.15672,0.15394,0.37635,0.14807,0.00205,0.29612,0.371,0.19409,0.17549,0.37635,0.14807,0.00205,0.29612,0.371,0.19409,0.17549,5,0.0,0.305,0.0,0,0,0,0,0,0,0.0,0.0,0.0,,47.8
S5,F5EvAI,102,minimal,93.51,20.25,1454835.0,885.0,-1,0,0.40324,0.14981,0.0047,0.19959,0.2694,0.19163,0.18591,0.41963,0.16592,0.00804,0.35838,0.26006,0.21096,0.19786,0.41963,0.16592,0.00804,0.35838,0.26006,0.21096,0.19786,10,0.548,0.008,0.6083,7,4,4,7,4,1,0.0052,-0.0549,-0.0004,template,81.5
S5,Test0,104,minimal,214.47,46.89,6654506.0,0.0,-1,0,0.59332,0.65801,0.03662,0.0,0.0,0.37881,0.42932,0.61977,0.82079,0.16134,0.0,0.0,0.47115,0.53397,0.61977,0.82079,0.16134,0.0,0.0,0.47115,0.53397,0,,,0.0,0,0,0,0,0,0,0.0,0.0,0.0,,5.8
S2,F5Ev,103,minimal,95.76,36.81,335563.0,0.0,-1,0,0.38833,0.05794,0.0003,0.24824,0.19827,0.15761,0.14886,0.41176,0.10623,0.00094,0.79316,0.0,0.19928,0.17298,0.41176,0.10623,0.00094,0.79316,0.0,0.19928,0.17298,7,0.25,0.0,0.4511,7,8,0,7,2,0,-0.0319,-0.0087,0.0,,83.5
S2,F5EvAI,103,minimal,95.76,36.54,335563.0,0.0,-1,0,0.38956,0.05794,0.0003,0.2476,0.18562,0.15719,0.14927,0.41176,0.10623,0.00094,0.79765,0.28989,0.2166,0.17298,0.41176,0.10623,0.00094,0.79765,0.28989,0.2166,0.17298,8,0.217,0.042,0.4019,4,8,3,4,3,0,-0.0333,-0.0992,0.0,template,84.1
S1,Test0,105,minimal,209.43,81.9,4117956.0,0.0,-1,0,0.44697,0.24913,0.01571,0.0,0.0,0.20935,0.23727,0.61028,0.89779,0.11504,0.0,0.0,0.47739,0.54104,0.61028,0.89779,0.11504,0.0,0.0,0.47739,0.54104,0,,,0.0,0,0,0,0,0,0,0.0,0.0,0.0,,10.3
S1,F5,104,minimal,60.03,19.98,152232.0,0.0,-1,0,0.27581,0.06907,0.0007,0.15903,0.36074,0.13222,0.11519,0.30865,0.07893,0.0013,0.43049,0.39602,0.163,0.12963,0.30865,0.07893,0.0013,0.43049,0.39602,0.163,0.12963,5,0.083,0.275,0.0,0,0,0,0,0,0,0.0,0.0,0.0,,48.8
S3,F5,104,minimal,54.72,5.31,474527.0,0.0,-1,0,0.27874,0.07046,0.00072,0.07345,0.27922,0.12366,0.11664,0.29372,0.10696,0.00104,0.15837,0.3459,0.14782,0.13391,0.29372,0.10696,0.00104,0.15837,0.3459,0.14782,0.13391,5,0.0,0.308,0.0,0,0,0,0,0,0,0.0,0.0,0.0,,44.0
S5,F5Ev,103,minimal,37.8,7.38,478392.0,0.0,-1,0,0.10526,0.02404,0.00026,0.04477,0.35558,0.06166,0.04319,0.2252,0.06763,0.00091,0.13215,0.23681,0.1081,0.09791,0.2252,0.06763,0.00091,0.13215,0.23681,0.1081,0.09791,9,0.25,0.0,0.7041,8,7,0,8,4,0,-0.1344,-0.2771,0.0,,77.1
S2,F5,104,minimal,59.67,18.72,133203.0,0.0,-1,0,0.27931,0.06413,0.00077,0.24729,0.37526,0.13786,0.11474,0.30737,0.074,0.001,0.75881,0.41017,0.18123,0.12746,0.30737,0.074,0.001,0.75881,0.41017,0.18123,0.12746,5,0.142,0.275,0.0,0,0,0,0,0,0,0.0,0.0,0.0,,53.4
S2,Test0,105,minimal,209.7,82.17,4117956.0,0.0,-1,0,0.48259,0.24913,0.01806,0.0,0.0,0.22052,0.24993,0.61059,0.89779,0.11689,0.0,0.0,0.47802,0.54176,0.61059,0.89779,0.11689,0.0,0.0,0.47802,0.54176,0,,,0.0,0,0,0,0,0,0,0.0,0.0,0.0,,9.6
S5,F5EvAI,103,minimal,76.14,8.01,840412.0,0.0,350.0,1,0.262,0.04006,0.00046,0.09397,0.24962,0.10919,0.10084,,,,,,,,0.36927,0.10673,0.00151,0.21706,0.38828,0.17605,0.15917,9,0.05,0.075,0.5648,2,15,3,2,4,0,0.0448,-0.1081,0.0,template,69.5
S4,F5,104,minimal,122.4,12.33,1139876.0,0.0,-1,0,0.4563,0.23931,0.00172,0.25254,0.28345,0.23663,0.23245,0.48193,0.31584,0.00238,0.62181,0.30558,0.28989,0.26672,0.48193,0.31584,0.00238,0.62181,0.30558,0.28989,0.26672,5,0.0,0.167,0.0,0,0,0,0,0,0,0.0,0.0,0.0,,50.5
S3,Test0,105,minimal,235.8,39.42,6213425.0,0.0,-1,0,0.49168,0.366,0.01758,0.0,0.0,0.25743,0.29175,0.63415,0.70811,0.10674,0.0,0.0,0.42617,0.483,0.63415,0.70811,0.10674,0.0,0.0,0.42617,0.483,0,,,0.0,0,0,0,0,0,0,0.0,0.0,0.0,,6.2
S5,F5,104,minimal,95.4,11.25,924864.0,0.0,-1,0,0.40204,0.18543,0.00154,0.22515,0.33553,0.20622,0.19634,0.4203,0.24344,0.00242,0.49771,0.30295,0.24303,0.22205,0.4203,0.24344,0.00242,0.49771,0.30295,0.24303,0.22205,5,0.0,0.142,0.0,0,0,0,0,0,0,0.0,0.0,0.0,,49.3
S3,F5Ev,104,minimal,48.42,3.42,251061.0,0.0,316.0,1,0.25787,0.03644,0.00039,0.07188,0.26506,0.1065,0.09823,,,,,,,,0.269,0.05102,0.00058,0.1334,0.21799,0.11496,0.10687,8,0.417,0.0,0.7663,10,4,0,10,3,0,-0.1644,-0.0313,0.0,,72.4
S4,F5EvAI,104,minimal,91.08,11.52,696440.0,0.0,262.0,1,0.39235,0.16764,0.00137,0.24394,0.31706,0.19811,0.18712,,,,,,,,0.40905,0.17219,0.00141,0.41361,0.1474,0.20437,0.19422,10,0.114,0.102,0.527,2,4,6,2,2,3,-0.0285,-0.0271,-0.0171,template,64.6
S1,F5EvAI,104,minimal,55.35,16.2,171261.0,0.0,-1,0,0.27511,0.06413,0.00066,0.17425,0.33217,0.12976,0.1133,0.29161,0.0888,0.00083,0.56948,0.22632,0.15894,0.12708,0.29161,0.0888,0.00083,0.56948,0.22632,0.15894,0.12708,10,0.15,0.242,0.3884,2,8,5,2,2,3,-0.0143,-0.0033,-0.0034,template,84.3
S4,Test0,105,minimal,238.77,40.5,6264663.0,0.0,-1,0,0.49826,0.33428,0.01692,0.0,0.0,0.24984,0.28315,0.63705,0.71717,0.10992,0.0,0.0,0.43063,0.48805,0.63705,0.71717,0.10992,0.0,0.0,0.43063,0.48805,0,,,0.0,0,0,0,0,0,0,0.0,0.0,0.0,,6.7
S2,F5EvAI,104,minimal,61.11,19.17,228348.0,0.0,-1,0,0.28277,0.06907,0.00066,0.2472,0.40074,0.14179,0.1175,0.31247,0.09867,0.00083,0.72346,0.30915,0.18191,0.13732,0.31247,0.09867,0.00083,0.72346,0.30915,0.18191,0.13732,8,0.117,0.208,0.3108,5,7,5,5,2,1,0.0156,0.0055,-0.0002,template,84.8
S3,F5EvAI,104,minimal,43.92,3.24,295488.0,0.0,-1,0,0.24327,0.04889,0.00062,0.06793,0.27257,0.10614,0.0976,0.25026,0.04889,0.00062,0.15591,0.23928,0.11142,0.09992,0.25026,0.04889,0.00062,0.15591,0.23928,0.11142,0.09992,8,0.125,0.008,0.6753,2,7,7,2,0,3,-0.0069,0.0,-0.0384,template,78.3
S1,F5Ev,104,minimal,59.04,18.99,171261.0,0.0,-1,0,0.27791,0.06413,0.00063,0.16029,0.35631,0.13118,0.11423,0.30512,0.08387,0.00093,0.46006,0.33629,0.16152,0.12997,0.30512,0.08387,0.00093,0.46006,0.33629,0.16152,0.12997,8,0.367,0.017,0.3724,11,4,0,11,3,0,-0.134,-0.0113,0.0,,87.9
S2,F5Ev,104,minimal,59.94,18.54,171261.0,0.0,-1,0,0.28069,0.06907,0.00086,0.24712,0.33789,0.13754,0.11687,0.30833,0.08387,0.00124,0.80991,0.35888,0.18447,0.13115,0.30833,0.08387,0.00124,0.80991,0.35888,0.18447,0.13115,8,0.425,0.025,0.2683,11,4,0,11,3,0,-0.0956,-0.0245,0.0,,87.7
S1,F5,105,minimal,101.88,22.23,1177778.0,0.0,-1,0,0.30169,0.15406,0.0017,0.0757,0.37896,0.16129,0.15249,0.43239,0.18412,0.00659,0.40587,0.39703,0.2305,0.2077,0.43239,0.18412,0.00659,0.40587,0.39703,0.2305,0.2077,5,0.008,0.117,0.0,0,0,0,0,0,0,0.0,0.0,0.0,,54.6
S5,Test0,105,minimal,238.77,40.5,6264663.0,0.0,-1,0,0.49826,0.33428,0.01692,0.0,0.0,0.24984,0.28315,0.63705,0.71717,0.10992,0.0,0.0,0.43063,0.48805,0.63705,0.71717,0.10992,0.0,0.0,0.43063,0.48805,0,,,0.0,0,0,0,0,0,0,0.0,0.0,0.0,,6.4
S4,F5Ev,104,minimal,97.11,14.85,728236.0,0.0,-1,0,0.39336,0.13879,0.00117,0.24052,0.30891,0.18918,0.17777,0.42464,0.20609,0.00149,0.48086,0.18234,0.22496,0.21074,0.42464,0.20609,0.00149,0.48086,0.18234,0.22496,0.21074,9,0.5,0.017,0.4975,9,6,0,7,4,0,-0.2635,-0.0783,0.0,,78.4
S1,Test0,106,minimal,266.31,116.37,3461286.0,0.0,-1,0,0.52301,0.0,0.0,0.0,0.0,0.15383,0.17434,0.65552,0.79264,0.08313,0.0,0.0,0.45038,0.51043,0.65552,0.79264,0.08313,0.0,0.0,0.45038,0.51043,0,,,0.0,0,0,0,0,0,0,0.0,0.0,0.0,,8.2
S2,F5,105,minimal,89.1,22.14,1177778.0,0.0,-1,0,0.31331,0.15406,0.0017,0.16671,0.3806,0.17016,0.15636,0.39984,0.17943,0.00558,0.61584,0.34698,0.22865,0.19495,0.39984,0.17943,0.00558,0.61584,0.34698,0.22865,0.19495,5,0.008,0.133,0.0,0,0,0,0,0,0,0.0,0.0,0.0,,49.8
S5,F5Ev,104,minimal,98.37,12.96,795861.0,0.0,-1,0,0.40545,0.17213,0.00131,0.25125,0.29361,0.20231,0.19297,0.42779,0.20445,0.00165,0.52502,0.14625,0.22592,0.2113,0.42779,0.20445,0.00165,0.52502,0.14625,0.22592,0.2113,10,0.708,0.0,0.6489,8,7,0,7,5,0,-0.131,-0.2277,0.0,,83.8
S3,F5,105,minimal,25.83,3.6,467960.0,0.0,-1,0,0.15298,0.05619,0.00094,0.04149,0.30963,0.08245,0.07004,0.15958,0.05619,0.00114,0.11796,0.2649,0.08632,0.0723,0.15958,0.05619,0.00114,0.11796,0.2649,0.08632,0.0723,5,0.0,0.192,0.0,0,0,0,0,0,0,0.0,0.0,0.0,,46.8
S2,Test0,106,minimal,266.31,116.37,3461286.0,0.0,-1,0,0.53021,0.0,0.0,0.0,0.0,0.15594,0.17674,0.65552,0.79264,0.09112,0.0,0.0,0.45273,0.51309,0.65552,0.79264,0.09112,0.0,0.0,0.45273,0.51309,0,,,0.0,0,0,0,0,0,0,0.0,0.0,0.0,,8.9
S5,F5EvAI,104,minimal,110.25,14.58,876402.0,0.0,-1,0,0.43487,0.20767,0.00167,0.25068,0.29845,0.22177,0.21473,0.4559,0.21641,0.00186,0.57394,0.19004,0.24323,0.22472,0.4559,0.21641,0.00186,0.57394,0.19004,0.24323,0.22472,11,0.383,0.033,0.6483,5,6,4,5,5,1,-0.0643,-0.265,-0.0177,template,93.3
S4,F5,105,minimal,39.51,5.13,532671.0,0.0,-1,0,0.20635,0.07764,0.00111,0.09424,0.29873,0.10697,0.09504,0.22507,0.08066,0.00144,0.24489,0.28225,0.12135,0.10239,0.22507,0.08066,0.00144,0.24489,0.28225,0.12135,0.10239,5,0.0,0.419,0.0,0,0,0,0,0,0,0.0,0.0,0.0,,45.7
S3,Test0,106,minimal,96.3,30.06,1813307.0,0.0,-1,0,0.37293,0.18283,0.00364,0.0,0.0,0.16453,0.18646,0.43337,0.2753,0.02473,0.0,0.0,0.21571,0.24447,0.43337,0.2753,0.02473,0.0,0.0,0.21571,0.24447,0,,,0.0,0,0,0,0,0,0,0.0,0.0,0.0,,5.6
S5,F5EvAI,105,minimal,38.79,4.41,532671.0,0.0,168.0,1,0.20802,0.07553,0.00116,0.1014,0.27274,0.10574,0.0949,,,,,,,,0.22188,0.07764,0.0012,0.13959,0.18436,0.1075,0.10024,8,0.036,0.143,0.3,0,4,3,0,2,1,0.0,-0.0646,-0.0064,template,38.1
S5,F5,105,minimal,36.9,2.52,579283.0,0.0,-1,0,0.20802,0.07553,0.00116,0.09721,0.29576,0.10685,0.0949,0.21337,0.09124,0.00171,0.22666,0.29088,0.12054,0.10211,0.21337,0.09124,0.00171,0.22666,0.29088,0.12054,0.10211,5,0.0,0.242,0.0,0,0,0,0,0,0,0.0,0.0,0.0,,49.0
S1,F5Ev,105,minimal,102.24,23.4,736111.0,0.0,-1,0,0.30723,0.10333,0.00116,0.08514,0.30587,0.14409,0.13724,0.43326,0.17379,0.00331,0.43079,0.25438,0.21982,0.20345,0.43326,0.17379,0.00331,0.43079,0.25438,0.21982,0.20345,7,0.29,0.0,0.5488,12,3,0,9,2,0,-0.1929,0.0206,0.0,,92.0
S2,F5Ev,105,minimal,104.31,25.11,853889.0,0.0,-1,0,0.30884,0.11273,0.00115,0.18193,0.32117,0.15392,0.14091,0.43819,0.18037,0.00396,0.7769,0.18887,0.2399,0.2075,0.43819,0.18037,0.00396,0.7769,0.18887,0.2399,0.2075,7,0.292,0.0,0.5075,13,2,0,8,2,0,-0.2073,0.0225,0.0,,84.6
S4,Test0,106,minimal,250.65,60.48,8174470.0,0.0,-1,0,0.62076,0.68074,0.04552,0.0,0.0,0.39618,0.44901,0.66563,0.97293,0.18235,0.0,0.0,0.53556,0.60697,0.66563,0.97293,0.18235,0.0,0.0,0.53556,0.60697,0,,,0.0,0,0,0,0,0,0,0.0,0.0,0.0,,7.1
S3,F5Ev,105,minimal,36.18,12.87,492450.0,0.0,-1,0,0.15629,0.04803,0.00066,0.04515,0.23069,0.07652,0.06833,0.21009,0.07069,0.00088,0.10288,0.16504,0.0986,0.09389,0.21009,0.07069,0.00088,0.10288,0.16504,0.0986,0.09389,8,0.194,0.0,0.6216,10,6,0,9,3,0,-0.2585,-0.0315,0.0,,79.9
S1,F5EvAI,105,minimal,96.57,20.34,765556.0,0.0,-1,0,0.28626,0.10333,0.00121,0.08471,0.31762,0.13861,0.13027,0.4193,0.15218,0.00414,0.54983,0.24646,0.21614,0.19188,0.4193,0.15218,0.00414,0.54983,0.24646,0.21614,0.19188,10,0.113,0.032,0.5644,5,3,8,5,1,4,-0.1065,0.0308,-0.0123,template,102.3
S2,F5EvAI,105,minimal,101.52,22.86,1177778.0,0.0,-1,0,0.31458,0.15406,0.0017,0.18911,0.28144,0.16601,0.15678,0.43152,0.18412,0.0063,0.78846,0.18761,0.24034,0.20731,0.43152,0.18412,0.0063,0.78846,0.18761,0.24034,0.20731,10,0.167,0.017,0.6154,6,4,7,4,2,3,-0.0447,-0.0064,-0.0118,template,91.8
S5,Test0,106,minimal,250.65,60.48,8174470.0,0.0,-1,0,0.62076,0.68074,0.04552,0.0,0.0,0.39618,0.44901,0.66563,0.97293,0.18235,0.0,0.0,0.53556,0.60697,0.66563,0.97293,0.18235,0.0,0.0,0.53556,0.60697,0,,,0.0,0,0,0,0,0,0,0.0,0.0,0.0,,6.4
S1,F5,106,minimal,215.1,86.49,0.0,0.0,-1,0,0.50415,0.0,0.0,0.17949,0.28513,0.17561,0.16805,0.60583,0.0,0.0,0.77408,0.28385,0.24042,0.20194,0.60583,0.0,0.0,0.77408,0.28385,0.24042,0.20194,5,0.436,0.229,0.0,0,0,0,0,0,0,0.0,0.0,0.0,,61.1
S3,F5EvAI,105,minimal,33.93,10.8,495742.0,0.0,-1,0,0.15441,0.05861,0.00091,0.04764,0.20919,0.07803,0.07131,0.19963,0.06616,0.00097,0.16017,0.15472,0.09698,0.08892,0.19963,0.06616,0.00097,0.16017,0.15472,0.09698,0.08892,9,0.183,0.025,0.71,8,5,3,8,3,1,-0.114,-0.1356,-0.0096,template,85.1
S4,F5Ev,105,minimal,43.56,8.46,696994.0,0.0,-1,0,0.21009,0.08157,0.00113,0.10977,0.17949,0.10313,0.09759,0.24255,0.09365,0.00129,0.18225,0.12898,0.11757,0.1125,0.24255,0.09365,0.00129,0.18225,0.12898,0.11757,0.1125,8,0.467,0.058,0.6238,10,5,0,10,3,0,-0.3065,-0.0409,0.0,,75.0
S5,F5Ev,105,minimal,40.59,6.3,431360.0,0.0,-1,0,0.20719,0.06525,0.00077,0.0999,0.33712,0.10606,0.09107,0.22981,0.07341,0.00088,0.29628,0.18583,0.1178,0.10137,0.22981,0.07341,0.00088,0.29628,0.18583,0.1178,0.10137,8,0.589,0.0,0.6822,12,3,0,8,3,0,-0.2781,-0.0607,0.0,,75.8
S1,Test0,107,minimal,223.2,82.26,2506159.0,0.0,-1,0,0.5256,0.27629,0.00386,0.0,0.0,0.23698,0.26858,0.62437,0.65986,0.07938,0.0,0.0,0.40106,0.45454,0.62437,0.65986,0.07938,0.0,0.0,0.40106,0.45454,0,,,0.0,0,0,0,0,0,0,0.0,0.0,0.0,,8.7
S4,F5EvAI,105,minimal,77.85,13.23,703579.0,0.0,-1,0,0.21009,0.08066,0.00129,0.10764,0.20308,0.10417,0.09735,0.36398,0.09275,0.00142,0.26041,0.1937,0.16146,0.15272,0.36398,0.09275,0.00142,0.26041,0.1937,0.16146,0.15272,8,0.458,0.075,0.7004,9,3,3,9,3,0,-0.3026,-0.1486,0.0,template,81.1
S1,F5,107,minimal,1.8,1.26,0.0,0.0,102.0,1,,,,,,,,,,,,,,,0.01323,0.0,0.0,0.02069,0.70182,0.04639,0.00441,5,0.222,0.222,0.0,0,0,0,0,0,0,0.0,0.0,0.0,,13.0
S2,Test0,107,minimal,223.92,82.44,2793312.0,0.0,-1,0,0.58055,0.41971,0.01307,0.0,0.0,0.29803,0.33777,0.62513,0.6823,0.09781,0.0,0.0,0.41331,0.46841,0.62513,0.6823,0.09781,0.0,0.0,0.41331,0.46841,0,,,0.0,0,0,0,0,0,0,0.0,0.0,0.0,,7.5
S3,F5,106,minimal,14.76,1.35,3556.0,0.0,-1,0,0.09097,0.00151,0.0,0.02627,0.32385,0.0478,0.03083,0.10493,0.01363,3e-05,0.08417,0.2888,0.05682,0.03953,0.10493,0.01363,3e-05,0.08417,0.2888,0.05682,0.03953,5,0.0,0.258,0.0,0,0,0,0,0,0,0.0,0.0,0.0,,48.7
S2,F5,106,minimal,244.35,104.67,215739.0,0.0,-1,0,0.51527,0.0,0.0,0.2061,0.17294,0.17385,0.17176,0.63583,0.13094,0.00078,0.7553,0.14469,0.27869,0.25585,0.63583,0.13094,0.00078,0.7553,0.14469,0.27869,0.25585,5,0.587,0.238,0.0,0,0,0,0,0,0,0.0,0.0,0.0,,67.2
S3,Test0,107,minimal,153.72,25.92,4919444.0,0.0,-1,0,0.44272,0.33383,0.01561,0.0,0.0,0.23299,0.26405,0.54386,0.59262,0.07423,0.0,0.0,0.35609,0.40357,0.54386,0.59262,0.07423,0.0,0.0,0.35609,0.40357,0,,,0.0,0,0,0,0,0,0,0.0,0.0,0.0,,5.8
S4,F5,106,minimal,107.37,13.68,1696612.0,0.0,-1,0,0.39385,0.29165,0.00409,0.19557,0.25261,0.22918,0.22986,0.46026,0.32435,0.00509,0.5039,0.26512,0.2775,0.26324,0.46026,0.32435,0.00509,0.5039,0.26512,0.2775,0.26324,5,0.0,0.075,0.0,0,0,0,0,0,0,0.0,0.0,0.0,,46.3
S1,F5Ev,106,minimal,230.31,93.78,0.0,0.0,-1,0,0.50556,0.0,0.0,0.17951,0.26261,0.1747,0.16852,0.62202,0.0,0.0,0.77916,0.21553,0.24146,0.20734,0.62202,0.0,0.0,0.77916,0.21553,0.24146,0.20734,9,0.507,0.0,0.3615,10,5,0,6,4,0,0.0069,0.0089,0.0,,92.7
S1,F5Ev,107,minimal,1.8,1.26,0.0,0.0,102.0,1,,,,,,,,,,,,,,,0.01323,0.0,0.0,0.02125,0.67917,0.04509,0.00441,6,0.472,0.0,0.3163,2,3,0,2,1,0,0.0754,0.0,0.0,,27.1
S5,F5,106,minimal,122.76,13.5,1893722.0,0.0,-1,0,0.43429,0.37322,0.00427,0.21259,0.24319,0.26557,0.27059,0.49367,0.43541,0.00569,0.54251,0.21244,0.31934,0.31159,0.49367,0.43541,0.00569,0.54251,0.21244,0.31934,0.31159,5,0.0,0.025,0.0,0,0,0,0,0,0,0.0,0.0,0.0,,40.8
S1,F5EvAI,107,minimal,1.8,1.26,0.0,0.0,102.0,1,,,,,,,,,,,,,,,0.01323,0.0,0.0,0.02069,0.70182,0.04639,0.00441,5,0.222,0.222,0.0,0,2,3,0,0,0,0.0,0.0,0.0,template,27.1
S4,Test0,107,minimal,153.72,25.92,4919444.0,0.0,-1,0,0.46318,0.35912,0.02097,0.0,0.0,0.24802,0.28109,0.54386,0.59262,0.07961,0.0,0.0,0.35767,0.40536,0.54386,0.59262,0.07961,0.0,0.0,0.35767,0.40536,0,,,0.0,0,0,0,0,0,0,0.0,0.0,0.0,,5.5
S3,F5Ev,107,minimal,0.99,0.99,0.0,0.0,74.0,1,,,,,,,,,,,,,,,0.00762,0.0,0.0,0.00297,0.33898,0.02236,0.00254,7,0.5,0.179,0.6983,1,2,0,1,2,0,-0.0602,-0.0561,0.0,,13.9
S1,F5EvAI,106,minimal,219.69,91.17,0.0,0.0,-1,0,0.50713,0.0,0.0,0.1795,0.27179,0.1757,0.16904,0.61086,0.0,0.0,0.75417,0.23414,0.2378,0.20362,0.61086,0.0,0.0,0.75417,0.23414,0.2378,0.20362,7,0.526,0.16,0.1781,6,6,3,6,2,0,0.0943,0.018,0.0,template,96.8
S3,F5Ev,106,minimal,34.74,8.82,61206.0,0.0,-1,0,0.16026,0.02877,7e-05,0.03908,0.19232,0.06923,0.06303,0.21625,0.0439,0.00013,0.14276,0.179,0.09548,0.08676,0.21625,0.0439,0.00013,0.14276,0.179,0.09548,0.08676,9,0.817,0.0,0.8212,10,5,0,6,4,0,-0.1146,-0.147,0.0,,70.9
S5,Test0,107,minimal,153.72,25.92,4919444.0,0.0,-1,0,0.46318,0.35912,0.02097,0.0,0.0,0.24802,0.28109,0.54386,0.59262,0.07961,0.0,0.0,0.35767,0.40536,0.54386,0.59262,0.07961,0.0,0.0,0.35767,0.40536,0,,,0.0,0,0,0,0,0,0,0.0,0.0,0.0,,5.5
S2,F5Ev,106,minimal,187.11,80.37,30820.0,0.0,-1,0,0.48132,0.0,0.0,0.23105,0.20967,0.16749,0.16044,0.5721,0.01786,0.00012,0.80547,0.20221,0.23282,0.19669,0.5721,0.01786,0.00012,0.80547,0.20221,0.23282,0.19669,7,0.493,0.0,0.2662,9,6,0,6,2,0,-0.1009,0.0095,0.0,,87.6
S1,Test0,108,minimal,264.69,125.1,3916863.0,0.0,-1,0,0.59461,0.44865,0.0069,0.0,0.0,0.30887,0.35005,0.65831,0.90013,0.17355,0.0,0.0,0.50941,0.57733,0.65831,0.90013,0.17355,0.0,0.0,0.50941,0.57733,0,,,0.0,0,0,0,0,0,0,0.0,0.0,0.0,,6.1
S2,F5EvAI,106,minimal,231.39,99.45,123279.0,0.0,-1,0,0.48287,0.0,0.0,0.231,0.22946,0.16911,0.16096,0.62312,0.05952,0.00046,0.80524,0.15215,0.25723,0.2277,0.62312,0.05952,0.00046,0.80524,0.15215,0.25723,0.2277,6,0.529,0.236,0.1814,7,5,3,6,1,0,-0.0461,0.0024,0.0,template,93.0
S4,F5Ev,106,minimal,66.78,9.72,1384835.0,0.0,-1,0,0.29734,0.20342,0.00269,0.14774,0.19761,0.16839,0.16781,0.34657,0.26597,0.00301,0.32229,0.21532,0.21267,0.20518,0.34657,0.26597,0.00301,0.32229,0.21532,0.21267,0.20518,9,0.831,0.0,0.7292,10,5,0,6,4,0,-0.3112,-0.2453,0.0,,67.4
S3,F5EvAI,106,minimal,29.97,7.11,116825.0,0.0,-1,0,0.10948,0.00303,0.0,0.0275,0.2259,0.048,0.0375,0.19226,0.05965,0.00028,0.0854,0.16914,0.08915,0.08406,0.19226,0.05965,0.00028,0.0854,0.16914,0.08915,0.08406,7,0.234,0.024,0.6625,6,4,5,4,1,1,-0.0496,0.0349,-0.0034,template,79.2
S4,F5EvAI,106,minimal,66.78,8.73,1526773.0,0.0,-1,0,0.31321,0.26882,0.00341,0.13343,0.19814,0.19169,0.19514,0.34657,0.29092,0.00352,0.36457,0.18705,0.22098,0.21367,0.34657,0.29092,0.00352,0.36457,0.18705,0.22098,0.21367,9,0.233,0.067,0.6455,6,6,5,4,2,2,-0.072,-0.0912,-0.0837,template,68.0
S2,Test0,108,minimal,270.18,124.47,4444444.0,0.0,-1,0,0.6167,0.68442,0.02163,0.0,0.0,0.38904,0.44092,0.66291,1.0,0.19577,0.0,0.0,0.54667,0.61956,0.66291,1.0,0.19577,0.0,0.0,0.54667,0.61956,0,,,0.0,0,0,0,0,0,0,0.0,0.0,0.0,,6.6
S5,F5Ev,106,minimal,125.1,18.45,1623516.0,0.0,-1,0,0.44263,0.33337,0.00356,0.2374,0.21883,0.25612,0.25985,0.49839,0.34004,0.00359,0.49769,0.18622,0.28788,0.28067,0.49839,0.34004,0.00359,0.49769,0.18622,0.28788,0.28067,8,0.815,0.0,0.6651,10,5,0,6,3,0,-0.1885,-0.1584,0.0,,62.7
S3,F5,107,minimal,64.8,2.16,897717.0,0.0,-1,0,0.00762,0.0,0.0,0.00456,0.45007,0.02898,0.00254,0.33449,0.16228,0.00156,0.07777,0.26077,0.16648,0.16611,0.33449,0.16228,0.00156,0.07777,0.26077,0.16648,0.16611,5,0.016,0.516,0.0,0,0,0,0,0,0,0.0,0.0,0.0,,39.8
S2,F5,107,minimal,150.21,41.58,303311.0,0.0,-1,0,0.51964,0.17282,0.00158,0.24727,0.30247,0.23647,0.23135,0.528,0.17282,0.00158,0.84655,0.53734,0.28799,0.23413,0.528,0.17282,0.00158,0.84655,0.53734,0.28799,0.23413,5,0.258,0.202,0.0,0,0,0,0,0,0,0.0,0.0,0.0,,49.9
S3,Test0,108,minimal,156.6,43.56,4406656.0,0.0,-1,0,0.32167,0.22861,0.01003,0.0,0.0,0.1648,0.18677,0.56356,0.56899,0.06725,0.0,0.0,0.35288,0.39993,0.56356,0.56899,0.06725,0.0,0.0,0.35288,0.39993,0,,,0.0,0,0,0,0,0,0,0.0,0.0,0.0,,5.3
S5,F5EvAI,106,minimal,51.84,5.58,1402732.0,0.0,-1,0,0.274,0.22843,0.00304,0.16885,0.19556,0.1701,0.16849,0.29165,0.25913,0.00321,0.31282,0.23545,0.19519,0.18466,0.29165,0.25913,0.00321,0.31282,0.23545,0.19519,0.18466,9,0.175,0.0,0.728,5,6,6,5,2,2,-0.0481,-0.1613,-0.0881,template,68.7
S4,F5,107,minimal,77.13,3.33,1425920.0,0.0,-1,0,0.23129,0.12227,0.00219,0.07098,0.42712,0.13393,0.11858,0.37432,0.22838,0.00457,0.25061,0.3063,0.21137,0.20242,0.37432,0.22838,0.00457,0.25061,0.3063,0.21137,0.20242,5,0.008,0.468,0.0,0,0,0,0,0,0,0.0,0.0,0.0,,35.9
S4,Test0,108,minimal,184.5,46.35,5578290.0,0.0,-1,0,0.44831,0.32603,0.01654,0.0,0.0,0.23261,0.26363,0.60338,0.72827,0.12219,0.0,0.0,0.4276,0.48461,0.60338,0.72827,0.12219,0.0,0.0,0.4276,0.48461,0,,,0.0,0,0,0,0,0,0,0.0,0.0,0.0,,5.3
S4,F5EvAI,107,minimal,75.69,3.69,995005.0,0.0,262.0,1,0.35196,0.18994,0.00243,0.11071,0.16428,0.17627,0.18144,,,,,,,,0.36991,0.20702,0.00285,0.1848,0.26973,0.19726,0.19326,8,0.148,0.114,0.508,4,6,2,4,3,0,0.0244,-0.0679,0.0,template,44.2
S5,F5,107,minimal,54.27,3.24,869659.0,0.0,-1,0,0.2358,0.12227,0.00223,0.07446,0.42155,0.13515,0.1201,0.29624,0.19388,0.00313,0.20687,0.2958,0.17464,0.16442,0.29624,0.19388,0.00313,0.20687,0.2958,0.17464,0.16442,5,0.0,0.424,0.0,0,0,0,0,0,0,0.0,0.0,0.0,,41.3
S3,F5EvAI,107,minimal,4.14,2.88,0.0,0.0,354.0,1,0.0185,0.0,0.0,0.00611,0.30165,0.02354,0.00617,,,,,,,,0.03111,0.0,0.0,0.02886,0.18807,0.02191,0.01037,9,0.0,0.025,0.7526,0,13,7,0,1,3,0.0,-0.0468,-0.0465,template,54.8
S5,Test0,108,minimal,184.5,46.35,5578290.0,0.0,-1,0,0.44831,0.32603,0.01654,0.0,0.0,0.23261,0.26363,0.60338,0.72827,0.12219,0.0,0.0,0.4276,0.48461,0.60338,0.72827,0.12219,0.0,0.0,0.4276,0.48461,0,,,0.0,0,0,0,0,0,0,0.0,0.0,0.0,,4.5
S5,F5Ev,107,minimal,68.67,2.88,1004454.0,0.0,270.0,1,0.25449,0.12529,0.0015,0.07509,0.23077,0.13013,0.12709,,,,,,,,0.34753,0.17082,0.0022,0.20461,0.20756,0.17735,0.17352,10,0.304,0.054,0.6537,4,8,0,4,5,0,-0.0448,-0.2087,0.0,,46.3
S1,F5,108,minimal,220.86,96.12,1354380.0,0.0,-1,0,0.44541,0.0,0.0,0.20851,0.258,0.15845,0.14847,0.61651,0.43977,0.0077,0.80802,0.18881,0.37157,0.35466,0.61651,0.43977,0.0077,0.80802,0.18881,0.37157,0.35466,5,0.192,0.242,0.0,0,0,0,0,0,0,0.0,0.0,0.0,,45.0
S2,F5EvAI,107,minimal,152.19,43.2,344671.0,0.0,-1,0,0.51964,0.17282,0.00158,0.24725,0.29993,0.23632,0.23135,0.53126,0.20851,0.00209,0.82143,0.31682,0.28515,0.24729,0.53126,0.20851,0.00209,0.82143,0.31682,0.28515,0.24729,7,0.336,0.143,0.0685,9,3,3,6,2,0,-0.0357,0.0224,0.0,template,75.0
S2,F5Ev,107,minimal,152.19,43.29,317098.0,0.0,-1,0,0.51809,0.17282,0.00148,0.24726,0.29526,0.23556,0.2308,0.53126,0.18404,0.00189,0.82158,0.23058,0.27283,0.23906,0.53126,0.18404,0.00189,0.82158,0.23058,0.27283,0.23906,8,0.586,0.043,0.2226,9,6,0,9,3,0,-0.0387,0.025,0.0,,76.5
S3,F5EvAI,108,minimal,8.64,0.9,0.0,0.0,156.0,1,0.06391,0.0,0.0,0.01355,0.22216,0.03266,0.0213,,,,,,,,0.06651,0.0,0.0,0.01613,0.17706,0.03092,0.02217,9,0.0,0.019,0.5699,0,3,5,0,1,3,0.0,0.009,-0.0367,template,29.3
S3,F5Ev,108,minimal,10.53,0.9,0.0,0.0,186.0,1,0.07547,0.0,0.0,0.01413,0.19522,0.03451,0.02516,,,,,,,,0.07989,0.0,0.0,0.01667,0.14598,0.03306,0.02663,8,0.25,0.0,0.67,4,4,0,4,3,0,-0.0342,-0.0556,0.0,,30.5
S5,F5EvAI,107,minimal,42.03,3.6,740432.0,0.0,258.0,1,0.23823,0.11833,0.00223,0.07315,0.26396,0.12536,0.1196,,,,,,,,0.24585,0.11833,0.00223,0.11992,0.20591,0.12694,0.12214,10,0.227,0.091,0.6525,4,3,4,4,3,2,-0.0364,-0.1428,-0.0021,template,50.7
S1,Test0,109,minimal,228.24,96.57,3686349.0,0.0,-1,0,0.26526,0.29145,0.01,0.0,0.0,0.16668,0.1889,0.62944,0.82744,0.12137,0.0,0.0,0.46419,0.52608,0.62944,0.82744,0.12137,0.0,0.0,0.46419,0.52608,0,,,0.0,0,0,0,0,0,0,0.0,0.0,0.0,,6.1
S3,F5,108,minimal,10.98,0.63,0.0,0.0,-1,0,0.08177,0.0,0.0,0.01902,0.27436,0.04131,0.02726,0.08302,0.0,0.0,0.03237,0.41071,0.05048,0.02767,0.08302,0.0,0.0,0.03237,0.41071,0.05048,0.02767,5,0.0,0.371,0.0,0,0,0,0,0,0,0.0,0.0,0.0,,35.8
S4,F5Ev,107,minimal,68.13,2.88,1078993.0,0.0,-1,0,0.18119,0.07365,0.00108,0.06645,0.22142,0.09221,0.08531,0.34574,0.18239,0.00221,0.20542,0.14971,0.17687,0.17678,0.34574,0.18239,0.00221,0.20542,0.14971,0.17687,0.17678,9,0.435,0.008,0.6823,9,5,0,9,4,0,-0.1126,-0.1511,0.0,,62.1
S2,F5,108,minimal,258.84,119.7,2572302.0,0.0,-1,0,0.54194,0.31762,0.00339,0.25968,0.13548,0.27705,0.28765,0.65327,0.69312,0.06628,0.85894,0.11896,0.47301,0.47089,0.65327,0.69312,0.06628,0.85894,0.11896,0.47301,0.47089,5,0.333,0.242,0.0,0,0,0,0,0,0,0.0,0.0,0.0,,45.8
S2,Test0,109,minimal,264.42,112.14,4444444.0,0.0,-1,0,0.51573,0.35507,0.01173,0.0,0.0,0.25957,0.29418,0.66306,1.0,0.19697,0.0,0.0,0.54707,0.62001,0.66306,1.0,0.19697,0.0,0.0,0.54707,0.62001,0,,,0.0,0,0,0,0,0,0,0.0,0.0,0.0,,6.9
S3,Test0,109,minimal,84.51,18.54,3449644.0,0.0,-1,0,0.36102,0.26121,0.02615,0.0,0.0,0.1907,0.21613,0.40145,0.36629,0.07988,0.0,0.0,0.2493,0.28254,0.40145,0.36629,0.07988,0.0,0.0,0.2493,0.28254,0,,,0.0,0,0,0,0,0,0,0.0,0.0,0.0,,5.0
S4,F5Ev,108,minimal,17.91,1.35,228209.0,0.0,186.0,1,0.12358,0.04214,0.00041,0.03804,0.22335,0.06424,0.05537,,,,,,,,0.12868,0.04214,0.00041,0.04407,0.14713,0.06161,0.05707,8,0.25,0.0,0.6167,5,3,0,5,3,0,-0.0673,-0.1341,0.0,,30.5
S4,F5,108,minimal,23.31,1.17,268481.0,0.0,-1,0,0.1387,0.04124,0.0006,0.05729,0.24027,0.0706,0.06018,0.16122,0.05469,0.00121,0.15123,0.30676,0.0908,0.07237,0.16122,0.05469,0.00121,0.15123,0.30676,0.0908,0.07237,5,0.0,0.282,0.0,0,0,0,0,0,0,0.0,0.0,0.0,,40.2
S4,Test0,109,minimal,172.71,25.38,6923582.0,0.0,-1,0,0.54707,0.47636,0.04134,0.0,0.0,0.31317,0.35492,0.57819,0.69647,0.14697,0.0,0.0,0.41813,0.47388,0.57819,0.69647,0.14697,0.0,0.0,0.41813,0.47388,0,,,0.0,0,0,0,0,0,0,0.0,0.0,0.0,,5.3
S4,F5EvAI,108,minimal,17.73,1.26,241633.0,0.0,194.0,1,0.12358,0.04423,0.00042,0.04436,0.17567,0.06242,0.05607,,,,,,,,0.12755,0.04423,0.00042,0.05805,0.24505,0.06848,0.0574,10,0.0,0.206,0.5395,0,6,5,0,3,2,0.0,0.001,-0.0374,template,32.1
S1,F5Ev,109,minimal,5.4,2.52,0.0,0.0,116.0,1,,,,,,,,,,,,,,,0.03863,0.0,0.0,0.02374,0.51862,0.04327,0.01288,7,0.3,0.0,0.5036,3,2,0,3,2,0,-0.0296,0.0349,0.0,,22.0
S1,F5EvAI,109,minimal,5.4,2.52,0.0,0.0,116.0,1,,,,,,,,,,,,,,,0.03863,0.0,0.0,0.02072,0.49054,0.04144,0.01288,7,0.15,0.15,0.3752,0,2,3,0,2,0,0.0,-0.0173,0.0,template,25.2
S3,F5,109,minimal,40.14,0.81,932499.0,0.0,204.0,1,0.23996,0.14896,0.00189,0.04501,0.3179,0.13629,0.13027,,,,,,,,0.2416,0.14896,0.00189,0.04861,0.19917,0.13,0.13082,5,0.059,0.603,0.0,0,0,0,0,0,0,0.0,0.0,0.0,,21.1
S5,Test0,109,minimal,172.71,25.38,6923582.0,0.0,-1,0,0.54707,0.47636,0.04134,0.0,0.0,0.31317,0.35492,0.57819,0.69647,0.14697,0.0,0.0,0.41813,0.47388,0.57819,0.69647,0.14697,0.0,0.0,0.41813,0.47388,0,,,0.0,0,0,0,0,0,0,0.0,0.0,0.0,,5.4
S5,F5,108,minimal,23.4,1.35,295329.0,0.0,-1,0,0.14796,0.0517,0.00058,0.05346,0.25133,0.07682,0.06675,0.16174,0.05768,0.00066,0.10138,0.31214,0.08905,0.07336,0.16174,0.05768,0.00066,0.10138,0.31214,0.08905,0.07336,5,0.0,0.243,0.0,0,0,0,0,0,0,0.0,0.0,0.0,,37.2
S5,F5Ev,108,minimal,18.36,1.44,214785.0,0.0,204.0,1,0.12415,0.03915,0.00042,0.03883,0.22235,0.06352,0.05457,,,,,,,,0.13149,0.03915,0.00042,0.04428,0.18201,0.06362,0.05702,8,0.25,0.0,0.6093,5,4,0,5,3,0,-0.2026,-0.0907,0.0,,35.0
S1,F5Ev,108,minimal,166.5,81.36,906778.0,0.0,-1,0,0.45472,0.01332,3e-05,0.21138,0.2524,0.16495,0.15602,0.5479,0.32383,0.00368,0.81103,0.17701,0.3156,0.29181,0.5479,0.32383,0.00368,0.81103,0.17701,0.3156,0.29181,7,0.633,0.0,0.4409,13,2,0,13,2,0,-0.7043,0.0242,0.0,,72.0
S2,F5Ev,108,minimal,252.18,113.85,2638250.0,0.0,-1,0,0.53239,0.29099,0.00272,0.26014,0.15299,0.26727,0.27537,0.64734,0.71638,0.05552,0.8592,0.13904,0.47614,0.47308,0.64734,0.71638,0.05552,0.8592,0.13904,0.47614,0.47308,12,0.517,0.0,0.5674,3,14,0,1,7,0,0.0059,-0.0734,0.0,,65.2
S5,F5EvAI,108,minimal,20.79,1.44,255057.0,0.0,200.0,1,0.1376,0.04662,0.00043,0.04976,0.1916,0.06851,0.06155,,,,,,,,0.14634,0.0511,0.00049,0.0739,0.19487,0.07403,0.06598,11,0.015,0.162,0.6034,0,4,7,0,2,4,0.0,0.0053,-0.0318,template,34.7
S1,F5EvAI,108,minimal,160.56,77.49,971674.0,0.0,-1,0,0.4555,0.0,0.0,0.20916,0.22832,0.15971,0.15183,0.53889,0.27554,0.00547,0.80868,0.19202,0.30001,0.2733,0.53889,0.27554,0.00547,0.80868,0.19202,0.30001,0.2733,6,0.192,0.208,0.3208,11,1,3,9,1,0,-0.5698,0.0051,0.0,template,77.1
S1,Test0,110,minimal,265.41,128.97,3305310.0,0.0,-1,0,0.35586,0.0,0.0,0.0,0.0,0.10467,0.11862,0.65635,0.74167,0.07993,0.0,0.0,0.43469,0.49265,0.65635,0.74167,0.07993,0.0,0.0,0.43469,0.49265,0,,,0.0,0,0,0,0,0,0,0.0,0.0,0.0,,5.8
S2,Test0,110,minimal,275.31,129.69,4085539.0,0.0,-1,0,0.48118,0.42455,0.01612,0.0,0.0,0.27113,0.30728,0.66457,0.91302,0.12054,0.0,0.0,0.49945,0.56604,0.66457,0.91302,0.12054,0.0,0.0,0.49945,0.56604,0,,,0.0,0,0,0,0,0,0,0.0,0.0,0.0,,6.1
S1,F5,109,minimal,10.35,4.05,0.0,0.0,-1,0,0.0411,0.0,0.0,0.02712,0.73206,0.05675,0.0137,0.07152,0.0,0.0,0.1069,0.51459,0.05759,0.02384,0.07152,0.0,0.0,0.1069,0.51459,0.05759,0.02384,5,0.0,0.25,0.0,0,0,0,0,0,0,0.0,0.0,0.0,,41.7
S3,F5Ev,109,minimal,39.78,0.81,856414.0,0.0,204.0,1,0.23747,0.11979,0.00155,0.05829,0.18967,0.12012,0.1196,,,,,,,,0.23996,0.12933,0.00167,0.06746,0.09078,0.11841,0.12365,7,0.485,0.029,0.6134,7,2,0,5,2,0,-0.0469,-0.068,0.0,,36.1
S3,Test0,110,minimal,153.81,48.69,4613633.0,0.0,-1,0,0.38399,0.2203,0.00763,0.0,0.0,0.17998,0.20397,0.54961,0.57846,0.07321,0.0,0.0,0.35332,0.40043,0.54961,0.57846,0.07321,0.0,0.0,0.35332,0.40043,0,,,0.0,0,0,0,0,0,0,0.0,0.0,0.0,,5.0
S2,F5EvAI,108,minimal,251.55,117.81,2272731.0,0.0,-1,0,0.5467,0.31957,0.00218,0.21474,0.11624,0.27489,0.28948,0.64677,0.66116,0.09067,0.81382,0.12623,0.46665,0.4662,0.64677,0.66116,0.09067,0.81382,0.12623,0.46665,0.4662,7,0.52,0.026,0.3117,2,8,5,0,1,1,0.0,-0.0196,-0.0001,template,81.5
S2,F5,109,minimal,256.41,110.97,2450363.0,0.0,-1,0,0.46159,0.11992,0.00156,0.25368,0.1339,0.19429,0.19436,0.65615,0.673,0.03277,0.85313,0.11786,0.45768,0.45397,0.65615,0.673,0.03277,0.85313,0.11786,0.45768,0.45397,5,0.375,0.25,0.0,0,0,0,0,0,0,0.0,0.0,0.0,,47.8
S3,F5EvAI,109,minimal,39.78,0.81,856414.0,0.0,204.0,1,0.23747,0.11979,0.00155,0.07365,0.21109,0.12228,0.1196,,,,,,,,0.23996,0.12933,0.00167,0.09391,0.11023,0.12111,0.12365,7,0.235,0.309,0.5215,3,1,5,3,1,1,0.0087,-0.0709,-0.0017,template,38.6
S4,F5Ev,109,minimal,57.96,1.98,1596278.0,0.0,182.0,1,0.31136,0.22039,0.00351,0.11717,0.20304,0.17626,0.17842,,,,,,,,0.31507,0.22631,0.00352,0.13926,0.12275,0.17568,0.18163,9,0.688,0.109,0.6643,4,4,0,4,4,0,-0.0664,-0.1117,0.0,,32.8
S4,F5EvAI,109,minimal,58.32,1.89,1596278.0,0.0,156.0,1,0.3144,0.22787,0.00352,0.11323,0.2312,0.18078,0.18193,,,,,,,,0.31641,0.22787,0.00354,0.12587,0.12544,0.1759,0.1826,8,0.143,0.232,0.4738,1,3,3,1,2,1,-0.021,-0.0751,-0.0031,template,31.2
S4,F5,109,minimal,60.66,1.89,1922287.0,0.0,-1,0,0.3184,0.24563,0.00434,0.12773,0.22401,0.18786,0.18946,0.32498,0.2743,0.00551,0.22241,0.22367,0.20412,0.20159,0.32498,0.2743,0.00551,0.22241,0.22367,0.20412,0.20159,5,0.033,0.417,0.0,0,0,0,0,0,0,0.0,0.0,0.0,,37.1
S5,F5Ev,109,minimal,57.96,1.71,1587112.0,0.0,152.0,1,0.31339,0.22195,0.00348,0.12162,0.2128,0.17815,0.1796,,,,,,,,0.31507,0.22195,0.00348,0.13111,0.12823,0.17422,0.18017,9,0.321,0.036,0.5528,2,5,0,2,4,0,0.0037,-0.1214,0.0,,27.9
S4,Test0,110,minimal,249.57,56.16,8622005.0,0.0,-1,0,0.56459,0.60588,0.02753,0.0,0.0,0.35235,0.39933,0.66443,0.98091,0.18245,0.0,0.0,0.53759,0.60927,0.66443,0.98091,0.18245,0.0,0.0,0.53759,0.60927,0,,,0.0,0,0,0,0,0,0,0.0,0.0,0.0,,5.7
S5,Test0,110,minimal,249.57,56.16,8622005.0,0.0,-1,0,0.56459,0.60588,0.02753,0.0,0.0,0.35235,0.39933,0.66443,0.98091,0.18245,0.0,0.0,0.53759,0.60927,0.66443,0.98091,0.18245,0.0,0.0,0.53759,0.60927,0,,,0.0,0,0,0,0,0,0,0.0,0.0,0.0,,5.6
S5,F5,109,minimal,57.15,1.98,1581001.0,0.0,-1,0,0.30898,0.21197,0.00374,0.10745,0.25308,0.17553,0.1749,0.31204,0.21353,0.00412,0.15602,0.25456,0.17994,0.17656,0.31204,0.21353,0.00412,0.15602,0.25456,0.17994,0.17656,5,0.024,0.395,0.0,0,0,0,0,0,0,0.0,0.0,0.0,,38.7
S5,F5EvAI,109,minimal,57.87,1.8,1665100.0,0.0,204.0,1,0.31238,0.23067,0.00364,0.1226,0.22855,0.18145,0.18223,,,,,,,,0.31473,0.23223,0.00364,0.15891,0.16912,0.18124,0.18353,10,0.265,0.074,0.5418,2,4,3,2,3,2,-0.0155,-0.1177,-0.0163,template,37.3
S1,F5,110,minimal,53.55,32.85,0.0,0.0,-1,0,0.08314,0.0,0.0,0.06225,0.51759,0.05856,0.02771,0.27817,0.01305,0.0,0.41541,0.36175,0.13137,0.09707,0.27817,0.01305,0.0,0.41541,0.36175,0.13137,0.09707,5,0.117,0.383,0.0,0,0,0,0,0,0,0.0,0.0,0.0,,39.9
S2,F5,110,minimal,53.64,28.35,417478.0,0.0,-1,0,0.12323,0.0,0.0,0.16488,0.51183,0.07605,0.04108,0.2785,0.11264,0.00197,0.59834,0.22076,0.1638,0.13104,0.2785,0.11264,0.00197,0.59834,0.22076,0.1638,0.13104,5,0.125,0.417,0.0,0,0,0,0,0,0,0.0,0.0,0.0,,42.0
S2,F5Ev,109,minimal,245.25,103.59,2282086.0,0.0,-1,0,0.45231,0.08652,0.00086,0.25426,0.14731,0.18236,0.1799,0.64604,0.65256,0.03275,0.82865,0.11148,0.44688,0.44378,0.64604,0.65256,0.03275,0.82865,0.11148,0.44688,0.44378,8,0.629,0.0,0.4461,9,6,0,9,3,0,-0.2201,-0.0821,0.0,,74.2
S3,F5,110,minimal,1.53,1.08,0.0,0.0,-1,0,0.0099,0.0,0.0,0.00597,0.4818,0.0316,0.0033,0.01199,0.0,0.0,0.02216,0.44591,0.03106,0.004,0.01199,0.0,0.0,0.02216,0.44591,0.03106,0.004,5,0.0,0.75,0.0,0,0,0,0,0,0,0.0,0.0,0.0,,38.9
S4,F5,110,minimal,49.77,2.7,714467.0,0.0,-1,0,0.26192,0.13797,0.00132,0.10816,0.33646,0.14416,0.13374,0.28308,0.17463,0.00216,0.21523,0.28046,0.16441,0.15329,0.28308,0.17463,0.00216,0.21523,0.28046,0.16441,0.15329,5,0.017,0.683,0.0,0,0,0,0,0,0,0.0,0.0,0.0,,35.2
S2,F5EvAI,109,minimal,250.92,107.82,2120601.0,0.0,-1,0,0.43297,0.03181,0.00053,0.25369,0.15859,0.16111,0.1551,0.65125,0.6066,0.0216,0.82797,0.10006,0.4309,0.42648,0.65125,0.6066,0.0216,0.82797,0.10006,0.4309,0.42648,7,0.6,0.107,0.3525,10,3,3,7,2,0,-0.1877,-0.0468,0.0,template,80.1
S5,F5,110,minimal,42.03,5.22,650499.0,0.0,-1,0,0.21956,0.12398,0.00145,0.09647,0.30354,0.125,0.115,0.25007,0.16164,0.00217,0.21695,0.3177,0.15318,0.13796,0.25007,0.16164,0.00217,0.21695,0.3177,0.15318,0.13796,5,0.017,0.708,0.0,0,0,0,0,0,0,0.0,0.0,0.0,,32.7
S1,F5Ev,110,minimal,78.75,38.34,469663.0,1657.0,-1,0,0.10233,0.0,0.0,0.06396,0.49167,0.06278,0.03411,0.36172,0.12177,0.00768,0.53885,0.38593,0.19886,0.16372,0.36172,0.12177,0.00768,0.53885,0.38593,0.19886,0.16372,9,0.283,0.167,0.4187,7,9,0,6,4,0,-0.1471,-0.0655,0.0,,59.2
S1,F5EvAI,110,minimal,51.12,31.68,130462.0,1480.0,-1,0,0.08314,0.0,0.0,0.06225,0.51759,0.05856,0.02771,0.26894,0.05219,0.00206,0.42414,0.36491,0.14147,0.10773,0.26894,0.05219,0.00206,0.42414,0.36491,0.14147,0.10773,8,0.133,0.375,0.1777,5,7,3,5,3,0,-0.1599,-0.2213,0.0,template,60.1
S2,F5Ev,110,minimal,117.36,70.92,339201.0,0.0,-1,0,0.22761,0.0,0.0,0.20525,0.27164,0.095,0.07587,0.45787,0.10438,0.00119,0.80453,0.20187,0.22491,0.18781,0.45787,0.10438,0.00119,0.80453,0.20187,0.22491,0.18781,6,0.483,0.15,0.1843,13,2,0,10,1,0,-0.4116,0.0,0.0,,56.5
S3,F5EvAI,110,minimal,12.6,7.29,166213.0,0.0,-1,0,0.02166,0.0,0.0,0.00979,0.29999,0.02459,0.00722,0.09088,0.03498,0.0003,0.08624,0.19128,0.05343,0.04206,0.09088,0.03498,0.0003,0.08624,0.19128,0.05343,0.04206,9,0.133,0.567,0.6203,3,8,6,3,2,2,-0.0641,-0.1607,-0.0205,template,45.3
S2,F5EvAI,110,minimal,26.37,19.17,0.0,0.0,-1,0,0.12073,0.0,0.0,0.20086,0.4103,0.07146,0.04024,0.1595,0.0,0.0,0.71004,0.40674,0.1126,0.05317,0.1595,0.0,0.0,0.71004,0.40674,0.1126,0.05317,8,0.283,0.25,0.3874,8,3,4,6,1,2,-0.0802,-0.0172,-0.0238,template,55.6
S3,F5Ev,110,minimal,34.38,11.25,266590.0,0.0,-1,0,0.02642,0.0,0.0,0.0063,0.36623,0.02968,0.00881,0.21431,0.08278,0.00052,0.07696,0.23684,0.10599,0.0992,0.21431,0.08278,0.00052,0.07696,0.23684,0.10599,0.0992,7,0.25,0.375,0.5472,11,3,0,11,2,0,-0.269,-0.0441,0.0,,46.7
S4,F5Ev,110,minimal,41.04,11.88,654717.0,0.0,-1,0,0.18362,0.075,0.00078,0.08929,0.25201,0.09637,0.08647,0.24562,0.12481,0.00129,0.18553,0.26629,0.13591,0.12391,0.24562,0.12481,0.00129,0.18553,0.26629,0.13591,0.12391,8,0.433,0.083,0.657,8,7,0,8,3,0,-0.1747,-0.163,0.0,,43.4
S4,F5EvAI,110,minimal,51.84,14.4,637302.0,1379.0,-1,0,0.22173,0.11446,0.0034,0.1078,0.25653,0.12131,0.1132,0.29142,0.13825,0.00877,0.28075,0.21718,0.15824,0.14615,0.29142,0.13825,0.00877,0.28075,0.21718,0.15824,0.14615,10,0.35,0.108,0.7125,7,3,6,4,2,3,-0.0124,-0.0944,-0.0288,template,41.3
S5,F5Ev,110,minimal,65.43,12.69,694059.0,0.0,-1,0,0.27529,0.11502,0.00107,0.12336,0.21122,0.13479,0.13046,0.34172,0.16847,0.00141,0.28143,0.24375,0.18136,0.17053,0.34172,0.16847,0.00141,0.28143,0.24375,0.18136,0.17053,9,0.5,0.083,0.6506,9,6,0,8,4,0,-0.1637,-0.1318,0.0,,38.9
S5,F5EvAI,110,minimal,53.82,9.72,714898.0,564.0,-1,0,0.25087,0.11222,0.00163,0.13001,0.21427,0.12752,0.12157,0.29922,0.16399,0.00359,0.29894,0.25916,0.17013,0.1556,0.29922,0.16399,0.00359,0.29894,0.25916,0.17013,0.1556,11,0.225,0.058,0.705,6,9,3,4,4,2,-0.0425,-0.1759,-0.0235,template,35.2
