design,kind,factor,delta,seed,traj,flip_rate,region_cycles,act_shift,d_burned_ha,d_j_total,d_j_phys,d_j_burn,d_j_asset,d_j_pop,burned_ha,j_total,seconds,shift_fire_threat_level,shift_asset_exposure_risk,shift_suppression_feasibility,shift_intervention_urgency,shift_evacuation_pressure
morris,mf,resource_accessibility,+0.667,201,11_0,0.9231,52,0.17166,-11.25,0.021976,0.023838,-0.008865,-0.061934,-0.003295,294.3,0.390211,10.8,0.13391,0.27027,0.09,0.20552,0.15403
morris,feature,temporal_urgency,-0.667,201,11_0,0.9231,52,0.17166,-11.25,0.021976,0.023838,-0.008865,-0.061934,-0.003295,294.3,0.390211,11.3,0.13391,0.27027,0.09,0.20552,0.15403
morris,feature,fuel_load,-0.667,201,11_0,0.9615,52,0.16915,-5.85,0.014242,0.015596,-0.004559,-0.0929,-0.004678,299.7,0.382477,10.9,0.14309,0.27101,0.09,0.20912,0.15436
morris,mf,fuel_load,-0.667,201,11_0,0.9038,52,0.16869,8.37,0.046266,0.051746,0.006337,0.007367,-0.004803,313.92,0.414501,10.9,0.14491,0.27105,0.09,0.20992,0.15438
morris,feature,spread_potential,+0.667,201,11_0,0.8462,52,0.1583,-4.32,0.044193,0.049454,-0.003356,0.011859,-0.00305,301.23,0.412428,11.0,0.10684,0.2546,0.09,0.18906,0.14698
morris,mf,weather_severity,-0.667,201,11_0,0.6538,52,0.16998,-45.45,-0.01003,-0.010192,-0.038559,-0.130801,-0.001972,260.1,0.358205,10.9,0.12946,0.25866,0.09,0.19942,0.14882
morris,weight,w_delay,+0.667,201,11_0,0.9231,52,0.17166,-11.25,0.019239,0.023838,-0.008865,-0.061934,-0.003295,294.3,0.387474,11.6,0.13391,0.27027,0.09,0.20552,0.15403
morris,feature,asset_exposure,+0.667,201,11_0,0.7308,52,0.16594,-15.03,0.02982,0.03287,-0.011937,-0.028997,-0.003306,290.52,0.398055,11.5,0.13278,0.24752,0.09,0.18896,0.13162
morris,feature,resource_accessibility,-0.667,201,11_0,0.6731,52,0.17538,-4.59,0.028243,0.031144,-0.003567,-0.045938,-0.003265,300.96,0.396478,9.7,0.13355,0.24798,0.12673,0.18942,0.13181
morris,mf,asset_exposure,-0.667,201,11_0,0.6731,52,0.17538,-4.59,0.028243,0.031144,-0.003567,-0.045938,-0.003265,300.96,0.396478,11.8,0.13355,0.24798,0.12673,0.18942,0.13181
morris,mf,suppression_availability,+0.667,201,11_0,0.9231,52,0.17166,-11.25,0.021976,0.023838,-0.008865,-0.061934,-0.003295,294.3,0.390211,12.2,0.13391,0.27027,0.09,0.20552,0.15403
morris,mf,ignition_proximity,-0.667,201,11_0,0.9231,52,0.17166,-11.25,0.021976,0.023838,-0.008865,-0.061934,-0.003295,294.3,0.390211,11.6,0.13391,0.27027,0.09,0.20552,0.15403
morris,weight,w_asset,-0.667,201,11_0,0.9231,52,0.17166,-11.25,0.018216,0.020786,-0.008865,-0.061934,-0.003295,294.3,0.386452,10.7,0.13391,0.27027,0.09,0.20552,0.15403
morris,mf,spread_potential,+0.667,201,11_0,0.9231,52,0.17166,-11.25,0.021976,0.023838,-0.008865,-0.061934,-0.003295,294.3,0.390211,10.6,0.13391,0.27027,0.09,0.20552,0.15403
morris,feature,access_road_status,-0.667,201,11_0,0.9231,52,0.17166,-11.25,0.021976,0.023838,-0.008865,-0.061934,-0.003295,294.3,0.390211,11.3,0.13391,0.27027,0.09,0.20552,0.15403
morris,mf,fire_intensity,-0.667,201,11_0,0.6538,52,0.16466,0.36,0.020807,0.022848,0.000277,-0.078244,-0.002448,305.91,0.389042,10.9,0.11502,0.26805,0.09,0.19718,0.15303
morris,weight,w_pop,+0.667,201,11_0,0.9231,52,0.17166,-11.25,0.003943,0.002346,-0.008865,-0.061934,-0.003295,294.3,0.372178,11.7,0.13391,0.27027,0.09,0.20552,0.15403
morris,feature,fire_intensity,-0.667,201,11_0,0.9231,52,0.17166,-11.25,0.003943,0.002346,-0.008865,-0.061934,-0.003295,294.3,0.372178,12.4,0.13391,0.27027,0.09,0.20552,0.15403
morris,weight,w_resp,-0.667,201,11_0,0.9231,52,0.17166,-11.25,0.004211,0.002346,-0.008865,-0.061934,-0.003295,294.3,0.372446,12.1,0.13391,0.27027,0.09,0.20552,0.15403
morris,weight,w_burn,+0.667,201,11_0,0.9231,52,0.17166,-11.25,0.021976,0.023838,-0.008865,-0.061934,-0.003295,294.3,0.390211,13.0,0.13391,0.27027,0.09,0.20552,0.15403
morris,feature,weather_severity,-0.667,201,11_0,0.7885,52,0.17839,-3.78,0.037771,0.043863,-0.002933,-0.005713,-0.004023,301.77,0.406006,12.4,0.15846,0.28825,0.09,0.22137,0.16213
morris,mf,access_road_status,-0.667,201,11_0,0.7885,52,0.17839,-3.78,0.037771,0.043863,-0.002933,-0.005713,-0.004023,301.77,0.406006,12.1,0.15846,0.28825,0.09,0.22137,0.16213
morris,feature,suppression_availability,+0.667,201,11_0,0.7885,52,0.16393,-12.06,2e-05,-0.000847,-0.009519,-0.138602,-0.004498,293.49,0.368255,11.2,0.13382,0.2702,0.04475,0.20542,0.15396
morris,mf,temporal_urgency,-0.667,201,11_0,0.7308,52,0.16231,15.66,0.067719,0.076125,0.011685,0.076787,-0.003755,321.21,0.435954,9.8,0.1333,0.26982,0.04475,0.19861,0.14602
morris,feature,ignition_proximity,-0.667,201,11_0,0.5962,52,0.12918,-2.7,0.014807,0.015939,-0.00209,-0.097943,-0.001295,302.85,0.383042,9.9,0.08626,0.20554,0.04475,0.15557,0.1149
morris,mf,access_road_status,-0.667,201,11_1,0.4231,52,0.12718,-1.44,-0.036657,-0.036625,-0.001112,-0.034473,-8.5e-05,304.11,0.331579,10.4,0.04715,0.03088,0.35752,0.05761,0.04817
morris,feature,suppression_availability,+0.667,201,11_1,0.3654,52,0.11025,2.88,-0.036286,-0.036222,0.002205,-0.036483,-9.1e-05,308.43,0.33195,10.4,0.04807,0.03017,0.28763,0.05624,0.04594
morris,feature,resource_accessibility,-0.667,201,11_1,0.4231,52,0.12073,-4.68,-0.019872,-0.015023,-0.003638,0.037664,-8.8e-05,300.87,0.348363,10.1,0.04712,0.0303,0.33125,0.05621,0.04637
morris,weight,w_asset,-0.667,201,11_1,0.4231,52,0.12718,-1.44,-0.036657,-0.036625,-0.001112,-0.034473,-8.5e-05,304.11,0.331579,10.4,0.04715,0.03088,0.35752,0.05761,0.04817
morris,mf,suppression_availability,+0.667,201,11_1,0.4231,52,0.12584,-18.9,-0.040826,-0.041234,-0.015134,-0.035301,-8.6e-05,286.65,0.327409,10.8,0.04708,0.03242,0.35177,0.05791,0.04859
morris,feature,temporal_urgency,-0.667,201,11_1,0.4231,52,0.12584,-18.9,-0.040826,-0.041234,-0.015134,-0.035301,-8.6e-05,286.65,0.327409,11.6,0.04708,0.03242,0.35177,0.05791,0.04859
